,userName,rating,tanggal,ulasan,Keterangan,cleaned_ulasan
0,FARIZ44,3,29/02/2024 11:49,"ini entah bug atau memang renderingnya yang bermasalah, ini bukan patah2 lagi, bahkan sampe force close terus menerus, prasaan saya main minecraft genshin impac dan game2 berat lainnya lancar2 saja, masa main game ini yang hanya sekitar 2-3 GB saja kaya berat banget.",Negatif,bug renderingnya masalah patah sampe force close terus prasaan main minecraft genshin impac game berat lancar main game gb kaya berat banget
1,Febrian Pratama,3,01/03/2024 06:26,Game sampah bug dimana-mana untuk handphone dari blackskren terus stuk chat NPC quest. Mending tutup dulu dan benerin. Semakin lama main semakin banyak ketemu bug. 1 bulan gak dibenahin dalam waktu 3 bulan setelah OBT yakin bakal clossing.,Negatif,game sampah bug dimanamana handphone blackskren stuk chat npc quest mending tutup benerin main ketemu bug gak dibenahin obt clossing
2,Friskila Visi Pangelah,3,02/03/2024 12:35,Setelah update sering ngefreeze berkali kali kalau lagi battle mohon mungkin bisa ada solusinya atau perbaikannya,Negatif,update ngefreeze kali kali battle mohon solusi baik
3,Gracio Kiryoma,3,07/03/2024 14:52,"Bagus game nya tapi ini masalahnya nih di update data nya ulang ulang, tadi udah bisa main tapi di pindah kan ke update data mulu gk abis abis",Negatif,bagus game nya nih update data nya ulang ulang udah main pindah update data mulu gk abis abis
4,Ferize,3,11/03/2024 22:01,"Gameplay mulai terasa membosankan, saya suka dengan ceritanya & bersemangat untuk memainkannya, tetapi tidak berlangsung lama, setelah semua cerita selesai game ini terasa membosankan, yang ada hanya farming farming dan farming...",Negatif,gameplay bosan suka cerita semangat main cerita selesai game bosan farming farming farming
5,No NAME,3,12/03/2024 10:56,Frame drop pas awal masuk di animasi luar angkasanya + tambahin fitur skip dialog kek game2 lain nungguin dialog selesai karena ngebug gak bisa dipercepat,Negatif,frame drop pas masuk animasi angkasa tambahin fitur skip dialog kek game nungguin dialog selesai ngebug gak cepat
6,Muhammad Nur adnan,3,13/03/2024 10:05,"Aku cukup suka dan alurnya juga bagus tapi terlalu banyak loadingnya setiap satu kali serang musuh selalu loading terus terusan bahkan sudah bertarung sekalipun loading lagi,harusnya langsung aja bertarung tanpa loading karena itu membuang buang waktu aja, juga dari semua hero, ada hero yang gak bisa jalan dan tegak saja seperti mematung aja bahkan di kontrol sekalipun gak berfungsi, aku jadi benci jika begitu caramu menciptakan game ini jika ada bugnya jadi gak seru lagi dehğŸ˜‘ğŸ˜‘ğŸ˜‘",Negatif,suka alur bagus loadingnya kali serang musuh loading terus tarung loading lagiharusnya langsung aja tarung loading buang buang aja hero hero gak jalan tegak patung aja kontrol gak fungsi benci cara cipta game bugnya gak seru deh
7,Akun kedua Grisa2312,3,14/03/2024 23:04,"Game nya ga ngebosenin, tapi tingkat buat dapetin bintang 5 nya bisa dinaikin ga min? Saya capek ngumpulin Stellar nya eh dapetnya bintang 4 mulu, bintang 5 nya dapet yg standar, tolong ya min, gw bener bener minta tolong.",Netral,game nya ga ngebosenin tingkat dapetin bintang nya dinaikin ga min capek ngumpulin stellar nya eh dapetnya bintang mulu bintang nya dapet yg standar tolong ya min gw bener bener tolong
8,ONEL DARK,3,17/03/2024 07:22,Tolong kenapa ya saya sudah bermain 1 Minggu sudah di penochia tapi pas menyelesaikan tugas hanu malah berhenti kaya loading screen nya stop pas relog eh gak bisa masuk layar hitam,Negatif,tolong ya main minggu penochia pas selesai tugas hanu henti kaya loading screen nya stop pas relog eh gak masuk layar hitam
9,Mei Dika,3,20/03/2024 11:49,"Bang kenapa yaa ini bug, map-nya GK ada susah lihat jalannya,harus kah aku main pake ultra insting?. Tolong ya di perbaiki bugnyağŸ˜ğŸ˜",Negatif,bang yaa bug map gk susah lihat jalannyaharus kah main pake ultra insting tolong ya baik bugnya
10,Tabibito Susucoklat enak tau,3,21/03/2024 07:28,Males banget ada bug setiap masuk ke tantangan keluar nya pasti gak bisa gara gara proses 30100 males banget males berin dong min males jadinya kalau main atau nyelesain quest waktu masuk ke catals juga sama stack terus mucul angka 30100,Negatif,males banget bug masuk tantang nya gak gara gara proses males banget males berin min males main nyelesain quest masuk catals stack mucul angka
11,Michael valentino3937,3,21/03/2024 22:48,"Saat bermain game ini sebenernya bagus ,tp glich gedung gedung ,lantai itu ya parah lah glich nya ,tp saat perang lancar",Negatif,main game sebenernya bagus tp glich gedung gedung lantai ya parah glich nya tp perang lancar
12,Septiyar ahya moslem,3,21/03/2024 23:36,Saya ada keluhan sedikit sya tidak bisa login hsr ada pesan khusus pesan eror distribusi global jaringan saya disini bagus dan stabil tapi tetap tidak bisa login,Negatif,keluh sya login hsr pesan khusus pesan eror distribusi global jaring bagus stabil login
13,Pengguna Google,3,22/03/2024 03:45,"Tolong perbaiki untuk tampilan saat bagian loding itu Animasi gambar Kereta nya sangat BeratğŸ—¿,tapi di dalam game lancar dengan settingan paling rendah ğŸ—¿,saya harap untuk meringankan tampilan bagian login nyağŸ—¿ğŸ™",Negatif,tolong baik tampil loding animasi gambar kereta nya berattapi game lancar settingan rendah harap ringan tampil login nya
14,Phantomfox06,3,24/03/2024 21:57,"Update 25/3/24: Jujur untuk versi 2.0 ini agak mengecewakan buat saya dari berbagai aspek. Banner Sparkle nya mengapa harus ditambah waktunya? Kayaknya kemaren black swan aja nyelesain story sama event ga berasa udah ganti. Lah ini Nungguinnya berasa lama banget, ditambah end game content yang emang dikit banget selain moc sama pure fiction. Jadi emang aktivitas kita sangat sedikit.",Negatif,update jujur versi kecewa aspek banner sparkle nya tambah kayak kemaren black swan aja nyelesain story event ga asa udah ganti nungguinnya asa banget tambah end game content emang dikit banget moc pure fiction emang aktivitas
15,AL FAZAR TUR HAKIM,3,25/03/2024 13:57,"GAMENYA BAGUSSS, tapi aku kasih bintang 3 dulu, soalnya cs hsr nya di email ga dibales baless, padahal cuman pengen nanya kenapa saya tidak bisa login hsr dan selalu muncul ""terlalu banyak permintaan, silahkan coba kembali beberapa saat"" padahal cuman pengen ngerjain quest biar bisa nabung star jade buat gacha Archeron:((((",Negatif,gamenya bagusss kasih bintang cs hsr nya email ga dibales baless cuman ken nanya login hsr muncul minta silah coba cuman ken ngerjain quest biar nabung star jade gacha archeron
16,Heavy Sweating,3,04/04/2024 12:10,"Aslinya 5 star, tapi kenapa sekarang sering banget gagal login woyy, capek gw liatnya, tolong perbaiki error kode 1001_1 nya ya. Walaupun ping ingame udh membaik tapi koq malah sulit buat login",Negatif,asli star banget gagal login woyy capek gw liat tolong baik error kode nya ya ping ingame udh baik koq sulit login
17,Ardi Akira,3,14/04/2024 12:13,Developer tolong benerin kenapa game ku nge Bug lantai sama bangunannya ilang nge bling bling gitu udah dicoba reset hp tetep sama aja tolong bantu saya developer device:Oppo Reno5,Negatif,developer tolong benerin game ku nge bug lantai bangun ilang nge bling bling gitu udah coba reset hp tetep aja tolong bantu developer deviceoppo reno
18,Dikz lonely,3,14/04/2024 15:33,"Untuk gamenya udh bagus juga dan grafik nya udh lumayan hd,jadi tolong perbaiki gamenya,saat udh dalam permainan kek ada bug gtu tempatnya juga ke bug juga,nah untuk developer nya mohon di perbaiki bug nya dan juga kurangin patah2 nya saat mainnya,udh cuma itu yang saya sampaikan ğŸ™.",Negatif,gamenya udh bagus grafik nya udh lumayan hdjadi tolong baik gamenyasaat udh main kek bug gtu tempat bug juganah developer nya mohon baik bug nya rangin patah nya mainnyaudh
19,salma janah,3,16/04/2024 13:07,"game nya bagus, minus kalau mau ngunduh data' banyak bangett samle bergb gb/lama banget nunggu berjam-jam, game nya uda bagus. itu aja si",Netral,game nya bagus minus ngunduh data bangett samle bergb gblama banget nunggu berjamjam game nya uda bagus aja si
20,Tomi Kurniawan,3,16/04/2024 14:35,Game ini seru tapi kalau mau log in ga masuk2 padahal sinyal bagus. Pakai wifi pun ga masuk2 tolong dipermudah log in nya. Sementara saya kasih bintang 3 karena msh banyak log in eror dan lag.... HP saya ram nya cukup ga kaleng2 tapi gagal masuk terus!?,Negatif,game seru log in ga masuk sinyal bagus pakai wifi ga masuk tolong mudah log in nya kasih bintang msh log in eror lag hp ram nya ga kaleng gagal masuk
21,Amira Redinata,5,24/04/2024 21:46,"Gamenya baguss banget asli, dari segi grafik sampai karakternya keren semua. Main di resolusi yang rendah aja smooth banget. Kalian wajib cobain juga deh game yang ramah banget ini buat hp kentangğŸ˜",Positif,gamenya baguss banget asli segi grafik karakter keren main resolusi rendah aja smooth banget wajib cobain deh game ramah banget hp kentang
22,Ja_number four.,5,26/04/2024 00:28,"Secara keseluruhan game ini bagus, dari segi gameplay (tergantung preferensi), story, dan musik dengan ditambah banyak kalimat yang memeable, walaupun game ini ceritanya agak ekstrim, setiap pindah ke planet baru pasti ada karakter yang mokad/hampir mokad.",Positif,game bagus segi gameplay gantung preferensi story musik tambah kalimat memeable game cerita ekstrim pindah planet karakter mokadhampir mokad
23,Fawwaz Dzaky,4,27/04/2024 08:17,"Game seru, game baik, alur cerita menarik mekanik mudah dipahami banyak fiturÂ² pembantu yang mempermudah pemahaman didalam game ada fitur teleport, pencari item otomatis, karakter banyak yang cantikÂ² + ganteng, game baik, grafik gak usah ditanya. Tapi yang paling saya suka dari game ini adalah selalu dikasih bansos gratis, BANSOS BANSOS BANSOS, gak heran dijuluki game baik.",Positif,game seru game alur cerita tarik mekanik mudah paham fitur bantu mudah paham dalam game fitur teleport cari item otomatis karakter cantik ganteng game grafik gak suka game kasih bansos gratis bansos bansos bansos gak heran juluk game
24,Alrico Yudhistira,5,28/04/2024 03:48,"Bagus sih, mulai dari gameplay, grafik dan story, untuk game berbasis turn base, ini good banget, di tambah ada beberapa movie scene saat kita mengerjakan story, berasa nonton film njirğŸ¤£. Dan ya Honkai always be honkai! ada banyak kisah menyentuh dan bikin haru padahal cuma kisah NPC yg gk playable, dan beberapa karakter nyaris mokad bahkan mokad, jadi apakah sebenarnya ini HI4ğŸ—¿",Positif,bagus sih gameplay grafik story game bas turn base good banget movie scene story asa nonton film njir ya honkai always be honkai kisah sentuh bikin haru kisah npc yg gk playable karakter mokad mokad hi
25,CYBER NGHT,4,28/04/2024 14:19,"Gamenya bagus dari grafik dan charakter cuma ada bug render visual tempat yang eror dan itu sering membuat beberapa bangunan menghilang,beberapa karakter ada yang visual ultimate yang menghilang.Ini saya alami sejak update 1.1 tolong diperbaiki",Negatif,gamenya bagus grafik charakter bug render visual eror bangun menghilangbeberapa karakter visual ultimate menghilangini alami update tolong baik
26,Nur Fitriana,5,29/04/2024 08:15,"Helio G99 dengan settingan resolusi tinggi, 70â„… lancar, 30â„… fps nge-drop. Tidak jauh beda saat resolusi sedang. Untuk battle-nya jg menurut saya kurang asik karena nyerangnya ganti-gantian. Kita nyerang sekali, setelah itu giliran musuh nyerang kita, kita nyerang musuh, musuh nyerang kita, gitu seterusnya. Jadi kurang fleksibel, gak kayak game RPG lainnya yg bisa nyerang kapan aja dan gerak ke mana aja. Untuk animasi dan suaranya sudah bagus.",Positif,hio g settingan resolusi lancar fps ngedrop beda resolusi battlenya jg asik nyerangnya gantigantian nyerang gilir musuh nyerang nyerang musuh musuh nyerang gitu fleksibel gak kayak game rpg yg nyerang aja gerak aja animasi suara bagus
27,Amira,5,08/05/2024 02:53,"Ya... aku kepo dengan game ini yang kapasitas penyimpanannya lebih kecil dari pada genshin jadi aku download,nah stelah ke download harus update dulu ampe 3xğŸ˜­,tapi gak papa ini gara2 aku download waktu dia update,nih game seru bikin aku ngakak terus soalnya tempat sampah pasti di periksağŸ˜…ğŸ˜…,walau gak bisa loncat tapi stamina gak abis,terus game ini juga perlu strategi(game apa yang gak perlu strategi?tergantung orangnya)grafik ok map gak bsr2 amat soalnya pesawat rocom buat yang gak bs genshin",Positif,ya kepo game kapasitas simpan genshin downloadnah stelah download update ampe xtapi gak papa gara download updatenih game seru bikin ngakak sampah periksawalau gak loncat stamina gak abisterus game strategigame gak strategitergantung orangnyagrafik ok map gak bsr pesawat rocom gak bs genshin
28,Prabowo Boemi.w.,5,08/05/2024 03:37,"Best game so far, gameplay walaupun turnbase tapi ga bosenin, karakter bervariasi dan banyak, storynya mantep. Lanjutkan hoyoverse:D",Positif,best game so far gameplay turnbase ga bosenin karakter variasi storynya mantep lanjut hoyoversed
29,Pernandus Leonardy,5,08/05/2024 04:47,"Untuk update kali ini saya tidak bisa bermain Gamenya selalu di paksa keluar padahal penyimpanan masih sekitaran 10GB,dan setiap saya memulai layar selalu hitam, nama Hoyoverse tidak muncul dan akhirnya di paksa keluar. Saya masih ingin bermain tapiiii...saya minta maaf",Positif,update kali main gamenya paksa simpan sekitar gbdan layar hitam nama hoyoverse muncul paksa main tapiiiisaya maaf
30,Alfian Rifky,5,08/05/2024 06:44,"Ni game sampai saat ini masih bagus, tapi saran saya apabila pengen warp dengan star rail special pass di kasih peringatan seperti menggunakan jade crystal. Karena saya selalu saja menekan tombol itu dengan tidak sengaja",Positif,ni game bagus saran ken warp star rail special pass kasih ingat jade crystal tekan tombol sengaja
31,Shafwan xD,5,09/05/2024 01:09,"Permainan bergenre turn base yang membuat permainan cukup santai, design karakter yang menurut gw bagus walaupun ada yang daur ulang. Hal yang suka digame ini adalah mudah untuk kemana mana sehingga tidak banyak waktu yg digunakan untuk bermain game ini.",Positif,main genre turn base main santai design karakter gw bagus daur ulang suka digame mudah mana yg main game
32,Isah Asiyah,4,09/05/2024 01:11,Tambahkan menu di halaman utama untuk mengubah mode ke controller jadi ga harus relog dulu baru bisa main di controller,Netral,tambah menu halaman utama ubah mode controller ga relog main controller
33,21 Mika Saputra,5,09/05/2024 02:44,"This is Game is to Good for the mobile device.Kita emang bener bener dibawa ke sebuah pengalaman merasakan sendiri bagaimana JRPG seperti Persona,di platfrom mobile dengan gratis tanpa ribet memakai konsol game.Combat perfectly Epic,Story juga menjiwai sekali,dan pemilihan VA yang sangat sangat tepat dengan karakter yang bawa.Absolute Best!!.",Positif,this is game is to good for the mobile devicekita emang bener bener bawa alam rasa jrpg personadi platfrom mobile gratis ribet pakai konsol gamecombat perfectly epicstory jiwa sekalidan pilih va karakter bawaabsolute best
34,Nazriel Alamsyah,5,09/05/2024 03:02,Gameplay dan story nya udah bagus tapi tolong tambahkan fitur menurunkan level equilibriumnya agar para pemula yang tidak tahu cara membuild character nya bisa melawan musuh/bos nya,Positif,gameplay story nya udah bagus tolong tambah fitur turun level equilibriumnya mula membuild character nya lawan musuhbos nya
35,Yusuff,2,09/05/2024 07:08,"Menurut saya dari segi grafis sudah bagus,design charanya juga bagus, event nya pun juga banyak cuma ada beberapa yg kurang yaitu di bagian segi storynya yg menurut saya kurang berkesan dan terlalu biasa saja lalu ada beberapa hal lagi yg harus dioptimalkan agar membuat pengalaman bermain lebih baik...",Negatif,segi grafis bagusdesign charanya bagus event nya yg segi storynya yg kesan yg optimal alam main
36,Syarif Udin,5,09/05/2024 07:21,"Story terbaru ok, tapi untuk farming material di konten weekly boss nya ditambah dong jangan cuma 3 kali, jadiin 5 kali gapapa butuh baget buat upgrade trace, juga tambahin jumlah anggota yang digunakan dalam 1 tim jadi 5 biar pas kaya Lore yang 5 orang anggota express",Positif,story baru ok farming material konten weekly boss nya tambah kali jadiin kali gapapa butuh baget upgrade trace tambahin anggota tim biar pas kaya lore orang anggota express
37,#NAME?,1,09/05/2024 10:12,"PLEASE HSRRR, Aku heran sejak Ver 2.2, aku suka terkeluar dari game nya sendiri padahal penyimpanan ku masih sisa 11 GB, pas mainnya masih oke tapi pas bagian dialog nya suka keluar sendiri, tolong di perbaiki/update soalnya udh lebih 6 kali dan saya org nya gabisa sabaran klo udah lebih segitu ğŸ˜­ğŸ˜­ğŸ˜­ğŸ˜­",Negatif,please hsrrr heran ver suka keluar game nya simpan ku sisa gb pas main oke pas dialog nya suka tolong perbaikiupdate udh kali org nya gabisa sabar klo udah segitu
38,Unknown 18,5,09/05/2024 10:39,"Story yah gk beda jauh konsepnya ama hi3(emang se universe+writer storynya sama), game nya simpel(walau ada event simulated universe yang butuh strategi yang bagus buat kelarin) tutorial mudah dipahami,",Positif,story yah gk beda konsep ama hiemang universewriter storynya game nya simpelwalau event simulated universe butuh strategi bagus kelarin tutorial mudah paham
39,Humam,4,09/05/2024 12:29,"Cuma satu minus di game ini, kurang kompatibel di beberapa device mid-range karena semakin di paksa main lama maka semakin panas + frame drop, sekali pun grafik Low 60fps, apalagi pas di adegan & suasana banyak efek-efek tertentu pasti bakalan mengalami yang namanya frame drop, padahal game ini bukan berkategori game open world, di sarankan main menggunakan cooler agar membantu menstabilkan performa. Selain itu game ini cukup have fun untuk di mainkan, nice Job Gamenya Mihoyo :3",Netral,minus game kompatibel device midrange paksa main panas frame drop grafik low fps pas adegan suasana efekefek alami nama frame drop game kategori game open world saran main cooler bantu stabil performa game have fun main nice job gamenya mihoyo
40,rafif arsyad,5,10/05/2024 04:16,"animasi nya bagus banget, dari segi story juga keren banget, kadang bisa terharu kadang kocak nya minta ampun. salut, Hoyoverse!",Positif,animasi nya bagus banget segi story keren banget kadang haru kadang kocak nya ampun salut hoyoverse
41,Wawan Wawan,1,10/05/2024 11:07,"Lawan mutu yg level nya sama susah bgt menang, pdhal sudah tambah kekuatan jga. Mana pas cerita kga bisa di skip Kya genshin , , game ini sekarang banyak masalah, gak nyaman buat di mainkan. Lama lama ini game di tinggal player nya klo kga mw dengerin keluhan player.",Negatif,lawan mutu yg level nya susah bgt menang pdhal kuat jga pas cerita kga skip kya genshin game gak nyaman main game tinggal player nya klo kga mw dengerin keluh player
42,Kanggo Game,3,13/05/2024 09:35,"Udah Bagus Tapi Di Bagian Cutscenenya Tolong Di perbaiki lagi karena lag parah, Saya Saranin Ada peraturan buat nurunin resolusi atau sejenisnya di cutscene karena tidak semua hp kuat, tolong Dijawab min",Negatif,udah bagus cutscenenya tolong baik lag parah saranin atur nurunin resolusi jenis cutscene hp kuat tolong min
43,Faiq Taufiqurrahman,3,15/05/2024 09:16,Update nya lama banget sumpah apaan dah 2 jam an apan coba ga bisa di percepat?,Negatif,update nya banget sumpah dah jam an apan coba ga cepat
44,Kingwolf Lotts1,3,15/05/2024 09:17,"Mekanik Turn Base yang ok tapi ada yang kurang. Seperti saat kita berhasil nge break Weakness semua musuh sekaligus kita tidak dapat keuntungan apapun. Contoh Persona 3-5, ketika kita berhasil menyerang semua musuh dengan efek weakness mereka kita mendapatkan keuntungan All Out Attack. Sayangnya disini tidak ada sama sekali seperti hal tersebut. Belum lagi class dan tipe karakter yg cukup membingungkan. Harap diberikan penjelasan yang mudah dimengerti atau diberikan tanda khusus.",Negatif,mekanik turn base ok hasil nge break weakness musuh untung apa contoh persona hasil serang musuh efek weakness untung all out attack sayang class tipe karakter yg bingung harap jelas mudah erti tanda khusus
45,Almach_ tion,5,16/05/2024 06:52,"saya sangat menyukai game ini karena gameplay nya yang santai dan juga open world, cerita yang beragam dan karakter yang beragam. yang paling penting saya harap game ini selalu stabil dan bagus saya ingin game ini menambah fitur yaitu menambah atribut pada karakter utama seperti rambut, atau lainnya",Positif,suka game gameplay nya santai open world cerita agam karakter agam harap game stabil bagus game tambah fitur tambah atribut karakter utama rambut
46,Syifar,5,17/05/2024 01:32,"Grafis bagus, bansos mantab, ga gitu berat gamenya. Story dan BGM nya keren"", minim bug sekarang. Yg paling penting dengerin keluhan"" playernya, moga makin sukses gamenya",Positif,grafis bagus bansos mantab ga gitu berat gamenya story bgm nya keren minim bug yg dengerin keluh playernya moga sukses gamenya
47,Tom My,2,17/05/2024 04:40,bintang 2 dulu soalnya di aku ada bug transparan di bagian backgroundnya yang lain juga banyak yang ngeluh karna ini tolong di fix min ğŸ˜­ğŸ˜­ğŸ˜­ğŸ™ğŸ™ğŸ™ mau main aku,Negatif,bintang bug transparan backgroundnya ngeluh karna tolong fix min main
48,Rio Dah,2,20/05/2024 06:08,"Optimalkan servernya pliss sinyal bagus tapi ngelag di in-game loading terus menerus, itu sangat mengganggu kenyamanan bermain",Negatif,optimal servernya pliss sinyal bagus ngelag ingame loading terus ganggu nyaman main
49,Cynnnã€‚,1,21/05/2024 06:47,"Game opo seh Iki baru ae main langsung di kasih lihat glitch map nya jadi pixel pixel amburadul Ra jelas Setelah itu langsung force close, asem tenan , genshin aja yang ukuran game nya lebih besar aja masih bisa main normal masa HSR Ndak bisa sih #Kecewa_Berat",Negatif,game opo seh iki ae main langsung kasih lihat glitch map nya pixel pixel amburadul ra langsung force close asem tenan genshin aja ukur game nya aja main normal hsr ndak sih kecewaberat
50,A A,3,21/05/2024 17:10,Tolong dong benerin setiap login selalu memuat data dan itu selalu eror mulu lama masuknya sampe 3x bahkan suruh update launcher. Udah enak bansos ngalir terus cepet punya karakter B5 ini mah tapi tolong lah. Dan juga setiap scene scene selalu patah patah ga lancar tapi selain scene selalu lancar lancar saja semoga 2.3 lebih baik dan kasih restu menang dapet Firefly dari hoyo tolong dan terimakasih game baik untuk saat ini saja beri bintang 3 dulu,Negatif,tolong benerin login muat data eror mulu masuk sampe x suruh update launcher udah enak bansos ngalir cepet karakter b mah tolong scene scene patah patah ga lancar scene lancar lancar moga kasih restu menang dapet firefly hoyo tolong terimakasih game bintang
51,Shinta Embun,3,24/05/2024 07:44,"Dari segi grafik emang udah bagus, banget malahan, tapi ya sayangnya padahal udah pake settingan paling rendah tu kadang ada bangunan/lantai yang nge glitch jadi transparan, jadinya kalo buat eksplorasi itu kadang bingungin, gamenya juga suka nge crash gitu, padahal ram ku 8gb sama penyimpanan ada sisa 15gb an, mana pasti nge crash nya itu pas di loading screen jadi nya ngerasa kayak di php in HSR :')",Negatif,segi grafik emang udah bagus banget ya sayang udah pake settingan rendah tu kadang bangunanlantai nge glitch transparan kalo eksplorasi kadang bingungin gamenya suka nge crash gitu ram ku gb simpan sisa gb an nge crash nya pas loading screen nya ngerasa kayak php in hsr
52,Ilham Realme,1,25/05/2024 02:02,"Developer tolong kalau buat boss itu yang setara gitu, karakter saya tidak bisa melawannya dan tidak semua orang bisa membuat karakternya menjadi sempurna pahami kami juga gimana mau menyelesaikan story kalau bossnya aja ga ngotak",Negatif,developer tolong boss tara gitu karakter lawan orang karakter sempurna paham gimana selesai story bossnya aja ga ngotak
53,Frans Wibu,5,25/05/2024 02:48,"Mekanik gamenya seru, eventnya variatif, desain karakter cantik, visualnya cakep, dan yang paling kusukai alur ceritanya terutama di Penacony yang bagus banget ya meskipun yang loufu agak kureng. Saranku adalah untuk terus meningkatkan kualitas game, membuat alur cerita yang menarik dan tentu mengungkap semua hal yang telah diungkapkan di story sebelumnya, dan membuat desain karakter yang bagus lagiğŸ‘",Positif,mekanik gamenya seru eventnya variatif desain karakter cantik visual cakep suka alur cerita penacony bagus banget ya loufu reng saran tingkat kualitas game alur cerita tarik ungkap story desain karakter bagus
54,Beryl Beryl,3,25/05/2024 13:58,"Semua oke, kurang nya cuma ga ada fitur skip dialog/cut scene, reset karakter, bisa turun naik equilibrium.",Negatif,oke nya ga fitur skip dialogcut scene reset karakter turun equilibrium
55,Dylan Zheng,5,27/05/2024 01:16,Saya sangat suka sekali gameplay game ini. Sangat seru saat bertarung dan juga terdapat banyak sekali hadiah untuk pemula dan juga Sepuh. Terimakasih Hoyoverse untuk membuat game ini. FYI:Kita bisa mendapatkan 10 pull tiap update dengan gratis hanya dengan login 7 hari.,Positif,suka gameplay game seru tarung hadiah mula sepuh terimakasih hoyoverse game fyikita pull update gratis login
56,Muza Mazin,3,27/05/2024 04:18,"Game ini sangat memuaskan saya. Tapi entah kenapa sekarang ini sering ngebug game nya tiba-tiba gambar nya hilang dan nyangkut serta tidak bisa di pencet, sekian dari saya tanks mihoyo.",Negatif,game muas ngebug game nya tibatiba gambar nya hilang nyangkut pencet sekian tanks mihoyo
57,X,5,27/05/2024 05:23,build karakter sudah optimal dari segi artefak dan waktu bermain tidak terlalu lama terkecuali quest story. untuk optimasi menurut saya sudah cukup optimal dibanding dahulu pas awal rilis bikin hp cpt panas dan memicu ledakan nuklir yang sangat berbahaya untuk tubuh manusia :'3,Positif,build karakter optimal segi artefak main kecuali quest story optimasi optimal banding pas rilis bikin hp cpt panas picu ledak nuklir bahaya tubuh manusia
58,Yutaki X,5,27/05/2024 12:21,"Gamenya keren banget. Mulai dari mekanik, tampilan game, desain karakter, story, map, bahkan ampe event gachanya bagus2 semua, salut deh ama hoyoverse.ğŸ‘",Positif,gamenya keren banget mekanik tampil game desain karakter story map ampe event gachanya bagus salut deh ama hoyoverse
59,Eagle Dark,5,27/05/2024 16:08,"Semenjak update 2.0 jadi sering ngefreze saat battle,sama kadang kadang juga force close sendiri, padahal udah rata kiri, sedangkan Genshin dengan grafis medium atau bahkan tinggi masih lancar saja",Positif,semenjak update ngefreze battlesama kadang kadang force close udah kiri genshin grafis medium lancar
60,the_raaa,5,28/05/2024 08:33,"makasih developer di game ini tidak kikir, bansos bejibun anjay mantap sekali dan gacha gweh selalu wangy di sini ğŸ¤Ÿ gameplay seru + story nya gak bosenin gk bikin ngantuk juga grafik nya juga bagus bangettt tapi sesekali patah"" sih mainnin nya tp gpp tetep bagus, panjang umur game baik ğŸ˜‹ğŸ¤",Positif,makasih developer game kikir bansos bejibun anjay mantap gacha gweh wangy gameplay seru story nya gak bosenin gk bikin ngantuk grafik nya bagus bangettt patah sih mainnin nya tp gpp tetep bagus umur game
61,Nanda English,2,28/05/2024 15:08,"Tolong dong ketika cuctscenenya berat banget, optimalkan bagian cutscennya sehingga tidak ngelag yang hal tersebut menganffu kenyamanan untuk memahami storynya. Untuk battle tidaj ngelag akan tetapi dibagian cutscene ngelag sekali. Contoh deh wuwa pakai unreal engine 4 tapi ketika bagian cutscene tidak ngelag malah smootg banget. Sementara game hoyoverse kebanyakan ngelag saat dibagian cutscene baik itu genshin maipun honkai star rail.",Negatif,tolong cuctscenenya berat banget optimal cutscennya ngelag menganffu nyaman paham storynya battle tidaj ngelag bagi cutscene ngelag contoh deh wuwa pakai unreal engine cutscene ngelag smootg banget game hoyoverse banyak ngelag bagi cutscene genshin mai honkai star rail
62,AgentPega 11,5,29/05/2024 09:40,"Alur ceritanya menarik, lawan nya sangat menantang sehingga pertarungan jadi seru, dan sellau bikin aku menangis setiap waktu, the best nih Game",Positif,alur cerita tarik lawan nya tantang tarung seru sellau bikin menang the best nih game
63,Ozhes Syxs,4,30/05/2024 02:05,"Saya turunin bintang nya di playstore.. karena terlalu banyak obrolan yang ga penting di history nya.. yang ga bisa di sekip, membuat hp cepat low .. mata cepat ngantuk karena nunggu obrolan di history nya, ğŸ˜® yang lainya sempurna",Negatif,turunin bintang nya playstore obrol ga history nya ga sekip hp cepat low mata cepat ngantuk nunggu obrol history nya lai sempurna
64,Megumi Ataeru,5,31/05/2024 03:00,"Gameplaynya gampang, alur cerita juga menarik, bansos juga lumayan banyak. Tapi ada fitur yang kurang, yaitu fitur reset level (character yang di reset semua material upgrade nya di kembaliin) jujur aja nih game sulit banget kalo soal ngumpulin material up level.",Positif,gameplaynya gampang alur cerita tarik bansos lumayan fitur fitur reset level character reset material upgrade nya kembaliin jujur aja nih game sulit banget kalo ngumpulin material up level
65,Muhammad Fitri Nazari Nazari,5,31/05/2024 13:26,Dari segi alur cerita atau storynya bagus banget dan menarik ceritanya. Grafis dan desain karakter cakep dan memukau. Untuk gameplay agak sedikit membosankan namun bagi yang suka turn base ya gak masalah. Game nya cocok cocok aja sih. Mungkin bagi yang suka fight battle kurang cocok. Klo aku sih bagus bagus aja apalagi menurutku gamplaynya unik karena tiap karakter itu punya path nya masing masing itu sih yg ku suka. Saranku untuk game HSR kedepannya lebih dibagusin lgi dari segi fitur fitur nya,Positif,segi alur cerita storynya bagus banget tarik cerita grafis desain karakter cakep pukau gameplay bosan suka turn base ya gak game nya cocok cocok aja sih suka fight battle cocok klo sih bagus bagus aja turut gamplaynya unik karakter path nya sih yg ku suka saran game hsr depan dibagusin lgi segi fitur fitur nya
66,Muhammad Putra,5,01/06/2024 05:21,"menurut gua story quest nya aja udah bagus banget, kemudian event nya unik, puzzle dari game ini tuh menarik banget karena cukup menantang bagi pemain nya, dan desain dari karakter beserta skill nya juga pada bagus dan unik banget.ğŸ‘ğŸ»",Positif,gua story quest nya aja udah bagus banget event nya unik puzzle game tuh tarik banget tantang main nya desain karakter serta skill nya bagus unik banget
67,Zand,5,01/06/2024 13:38,"Jujur pengalaman ku semenjak awal rilis HSR ini cukup excited yg dimana aku bisa bermain game hoyo lagi, udah lama sekali semenjak bermain game hoyo dimulai dari honkai impact sampai ke genshin dan itu pun membuatku boring. Game yang cukup fleksibel dan mudah utk dimainkan menurutku terutama farming gold segala macamnya itu bisa di otomatis.., event atau pun bansos juga banyak.., TAPI KENAPA HOYO SELALU MEMBERIKU LOST PITY SAMPE-SAMPE BAILU E3, AKU PADAHAL SUDAH MENUNGGU RERUN-NYA FU XUAN.. WHY?",Positif,jujur alam ku semenjak rilis hsr excited yg mana main game hoyo udah semenjak main game hoyo honkai impact genshin buat boring game fleksibel mudah utk main turut farming gold macam otomatis event bansos hoyo beri lost pity sampesampe bailu e tunggu rerunnya fu xuan why
68,M.andhika. o.p,5,01/06/2024 15:33,"Pecinta game turn base, penikmat story dalam game, koleksi waifu, cukup ramah f2p, wajib nyobain dan mainin game Hoyoverse satu ini, terimakasih atas 1 tahunnya Honkai Star Rail saya sudah bermain game ini",Positif,cinta game turn base nikmat story game koleksi waifu ramah fp wajib nyobain mainin game hoyoverse terimakasih tahun honkai star rail main game
69,MARSVIN Adm,3,02/06/2024 05:49,Game ini bisa dibilang bagus sering memberikan reward untuk playernya tapi sayangnya gak bisa Mabar apakah bisa ditambah fitur Mabar bersama teman,Netral,game bilang bagus reward playernya sayang gak mabar tambah fitur mabar teman
70,Nabara Arito,5,02/06/2024 12:29,"Gameplay yang nggak ngebosenin dengan alur cerita yang luar biasa bagus,lagu iringan dari setiap tempat/map yang berbeda beda menjadi kelebihan digame ini.Cutscene yang bahkan lebih enak ditonton dengan grafis yang memukau membuat alur cerita lebih hidup.Minigame yang seru dan bervariasi membuat game tidak monoton.Banyak sekali hadiah gratis yang membuat player F2P bisa mendapatkan karakter 5 Star dengan mudah.Fitur tambah teman juga bisa mempermudah player berinteraksi dengan orang lain.Thanks!",Positif,gameplay nggak ngebosenin alur cerita baguslagu iring tempatmap beda beda lebih digame inicutscene enak tonton grafis pukau alur cerita hidupminigame seru variasi game monotonbanyak hadiah gratis player fp karakter star mudahfitur teman mudah player interaksi orang lainthanks
71,RiezzEbra_05,5,02/06/2024 22:08,"Ini adalah game rpg terbaik setelah genshin banyak sekali eventÂ² yang bisa membantu progres player dalam bermain game, game ini juga menampilkan grafik yg sangat memukau,saya harap game ini bisa dimainkan banyak orang buat kalian yg baca ini download gamenya dong, Bantu Author nya dengan top up dll",Positif,game rpg baik genshin event bantu progres player main game game tampil grafik yg memukausaya harap game main orang yg baca download gamenya bantu author nya top up dll
72,Not Fapuu,4,04/06/2024 08:05,"Awal maen biasa"" aja walaupun GPU gak bisa render enviroment, tapi kenapa kalau sinyalnya jelek langsung frame drop. Tolong dioptimalkan lagi hoyoverse",Negatif,maen aja gpu gak render enviroment sinyal jelek langsung frame drop tolong optimal hoyoverse
73,Ikhsan Akbar syahreza,5,04/06/2024 10:37,"Bagus banget sih,jarang ada game mobile punya gameplay seperti di konsole gitu.Kalau story bagus sih dan gk monoton dan bosenin,event bagus,model char keren"",DLL.Terutama bansos buat player pemula melimpah(Tapi gw dpt clara woilahğŸ˜¹).",Positif,bagus banget sihjarang game mobile gameplay konsole gitukalau story bagus sih gk monoton boseninevent bagusmodel char kerendllterutama bansos player mula melimpahtapi gw dpt clara woilah
74,Jascha Richter Joshua Toding,2,04/06/2024 11:07,"Tolong dong untuk permasalahan bind akun dipermudah, ini saya mau bind akun wktu saat mau memverifikasi kode di kasih mini verification untuk mencet"" ""Gunkan urutan ini"" Tapi selalu gagal tulisannya coba lagi, klo kaya gini ga bsa bind akun google ke akun Hoyo",Negatif,tolong masalah bind akun mudah bind akun wktu verifikasi kode kasih mini verification mencet gun urut gagal tulis coba klo kaya gin ga bsa bind akun google akun hoyo
75,Naila Azzahra,4,05/06/2024 12:54,"gameplay sangat memuaskan, tetapi hal yang saya sayangkan adalah beberapa new karakter limited banner yang dmgnya tidak bisa menyaingi dmg karakter lama, bahkan artifak op tidak bisa membantu sama sekali (uhuk Topaz)",Netral,gameplay muas sayang new karakter limited banner dmgnya saing dmg karakter artifak op bantu uhuk topaz
76,M. Ilham Septiadi. S,5,05/06/2024 19:11,"Sangat bagus, bisa eksplorasi banyak tempat menarik, design karakter nya bagus2, ada beragam event dan cerita utamanya keren. Gamplay lumayan santai karena turn-based tapi tetap ada mekanik tertentu yg perlu dipahami",Positif,bagus eksplorasi tarik design karakter nya bagus agam event cerita utama keren gamplay lumayan santai turnbased mekanik yg paham
77,Jujun Hermanto,4,06/06/2024 02:23,"kenapa di setiap scene selalu macet macet? Pdhl di gameplay pakai high grafik masih lancar, tolong diperbaiki lagi karna minusnya itu aja yg lainnya udh enakğŸ™ğŸ‘",Negatif,scene macet macet pdhl gameplay pakai high grafik lancar tolong baik karna minus aja yg udh enak
78,ExeLuna : Amaterasu,5,07/06/2024 16:54,"Bansos deras, mekanik gameplay seru walaupun manen material boss agak sulit, tapi story nya makin hebat tiap update memang rekomend banget main nih game",Positif,bansos deras mekanik gameplay seru manen material boss sulit story nya hebat update rekomend banget main nih game
79,Elizabeth Naomi,5,08/06/2024 10:02,"Game ini sangat bagus, asyik dan menyenangkan serta alur cerita yang menarik, penuh misteri dan kejutan... Jujur pertama kali mainnya, gue bingung mekanisme nya, namun akhirnya terbiasa dan membuat gue jadi paham apa itu strategi pertarung.. ğŸ‘ŒğŸ‘ŒğŸ˜ğŸ˜",Positif,game bagus asyik senang alur cerita tarik penuh misteri kejut jujur kali main gue bingung mekanisme nya biasa gue paham strategi tarung
80,LUX ARCADIA,5,08/06/2024 12:50,"Bintang tidak pernah berbohong, tapi yah tergantung device nya masing2 ya, klo misal force close berarti device nya udh gk kuat utk nopang game hsr",Positif,bintang bohong yah gantung device nya ya klo force close device nya udh gk kuat utk nopang game hsr
81,Komang Sugiana,4,08/06/2024 13:24,"Gamenya bagus dan menarik. tapi, map di penacony grand theater ngeglips sekali dan lokasi terlalu terang sekaligus tidak jelas sehingga susah untuk melihat diponsel sya. minta tolong pihak mihoyo atau hoyoverse perbaiki map di penacony grand theater hsr mobile supaya nyaman untuk dimainkanğŸ™ğŸ™ terimakasih ğŸ™ğŸ™",Netral,gamenya bagus tarik map penacony grand theater ngeglips lokasi terang susah diponsel sya tolong mihoyo hoyoverse baik map penacony grand theater hsr mobile nyaman main terimakasih
82,Rafi Putra Ardhana,5,09/06/2024 06:27,Ini kenapa stuck di loading screen yah? Seolah olah tidak mau masuk karena pake wifi dan harus pake paket data. Biasanya tidak pernah!,Positif,stuck loading screen yah olah masuk pake wifi pake paket data
83,Kinananaa :3,5,09/06/2024 10:59,"game nya bagus, seru, asik, lucu, karakter sama cerita nya jugak bagus amay sangat direkomendasikan ğŸ’¯ğŸ’¯ğŸ’¯â€¼ï¸â€¼ï¸â€¼ï¸ğŸ”¥ğŸ”¥ğŸ’¥ğŸ’¥ğŸ’¥(PULANGIN AVENTURINE GAK. ) (JIR BENERAN PULANG AWOAKWOAKWOKAA ILY) (Gimme his e6 nt, thx:3)",Positif,game nya bagus seru asik lucu karakter cerita nya jugak bagus amay rekomendasi pulangin aventurine gak jir beneran pulang awoakwoakwokaa ily gimme his e nt thx
84,Fifah N.I,5,10/06/2024 15:18,"suka banget sama game ini, begitu juga dengan genshin. tapi jika disuruh memilih saya lebih memilih game ini. dari segi grafik tidak jauh beda, namun dari segi penyimpanan jelas ini lebih baik dan untuk cara bertempur saya lebih suka di honkai. Semoga jadi lebih baik lagii genshin dan honkai, see you",Positif,suka banget game genshin suruh pilih pilih game segi grafik beda segi simpan tempur suka honkai moga lagi genshin honkai see you
85,Keizha Nur Praditya,2,12/06/2024 10:59,Terkadang saat saya akan keluar dari battle stuck padahal tidak lag dan musuhnya karakterku juga bergerak tapi tidak ada tombol serang pengaturan dan tidak bisa keluar dari battle,Negatif,terkadang battle stuck lag musuh karakter gerak tombol serang atur battle
86,Rachel Tamariska soehendro,4,12/06/2024 11:57,"Mantap sekali, karakternya cakep2, skill2nya mudah di pahami. Cman pls boss2 di Penacony ni kan nyebelin2 kasih lah character counternya, kayak penghancur shield buat boss sunday kan lumayan itu.",Positif,mantap karakter cakep skillnya mudah paham cman pls boss penacony ni nyebelin kasih character counternya kayak hancur shield boss sunday lumayan
87,15Bay_u,5,12/06/2024 15:34,"Setelah main satu tahun aku suka dengan gamenya, tapi untuk sizenya tolong hoyoverse, please tambahkan fitur hapus data yang dahulu biar mainya enteng ini bukan game openworld seperti genshin impact,mohon didedengar ya hoyoverse permintaan kecilku ini, good luck hoyoverse!!",Positif,main suka gamenya sizenya tolong hoyoverse please tambah fitur hapus data biar mai enteng game openworld genshin impactmohon didedengar ya hoyoverse minta kecil good luck hoyoverse
88,YAKIN DEKS,4,13/06/2024 11:08,"Game nya bagus dan juga lumayan seru dan sangat lancar di ho kentang saya aku kasih bintang 4 karna hp saya saat cutscene patah patah, nmnya juga hp murah sih tapi tetap seru meski rata kiri",Positif,game nya bagus lumayan seru lancar ho kentang kasih bintang karna hp cutscene patah patah nmnya hp murah sih seru kiri
89,ã‚¤ãƒ©ã‚¤ã‚¶,2,13/06/2024 13:57,"Woy hoyo,hsr di perbaiki lg lah,w udh unduh data ny eh mlh pas udh mau masuk ke in game ny mlh di suruh download ulang,perbaiki lah ini bug nya hoyo,bikin game elit,perbaiki bug sulitğŸ˜‚",Negatif,woy hoyohsr baik lg lahw udh unduh data ny eh mlh pas udh masuk in game ny mlh suruh download ulangperbaiki bug nya hoyobikin game elitperbaiki bug sulit
90,Hokai Great,4,16/06/2024 11:09,"Semuanya udah bagus.. dri segi cerita, gameplay((lumayan)), karakter.. dan sebagainya.. tpi saya punya 1 keluhan yang membuat rating dri saya gak sempurna.. yaitu.. bwang nerf boss fightnya Sunday bwang.. saya ngestuck 1 bulan bwang.. tolong dinerf.. apalah daya saya seorang f2p ğŸ˜­ğŸ˜­",Positif,udah bagus dri segi cerita gameplaylumayan karakter tpi keluh rating dri gak sempurna bwang nerf boss fightnya sunday bwang ngestuck bwang tolong dinerf apa daya fp
91,Abdulloh Fauzan Jaya,5,16/06/2024 14:17,"Gamenya bagus, story nya top, gameplay nya turn base buat orangÂ² yg mau nyari game santai Honkai Star Rail sih recommended nya, cuman saya mau memberi sedikit saran yaitu utk data quest terdahulu itu bisa dihapus kayak Genshin jadi ga menuh menuhuin ruang penyimpanan ğŸ™, saran saya cuma itu saja karena saya yg ROM 64 merasa size game 22gb itu termasuk sgt besar jadi mohon utk update kedepannya bisa terwujud. Sekian terimakasih",Positif,gamenya bagus story nya top gameplay nya turn base orang yg nyari game santai honkai star rail sih recommended nya cuman saran utk data quest hapus kayak genshin ga menuh menuhuin ruang simpan saran yg rom size game gb sgt mohon utk update depan wujud sekian terimakasih
92,Rendi 310,5,16/06/2024 20:12,"Salah satu game yang bikin aku semangat buat balik ke tipe rpg turn based, walaupun game ini ngasih story sampingan gak ngotak tapi story utama nya boleh lah",Positif,salah game bikin semangat tipe rpg turn based game ngasih story samping gak ngotak story utama nya
93,Fiorentina auvillia Oenang,5,17/06/2024 15:56,"awalnya gue ngeremehin banget ini game ""apaan coba game turn-based pasti ngebosenin banget."" Dan ternyata gua salah besar, setelah gua download gua ga bisa berhenti ataupun merasa bosen di game ini. Semua hal dari gamenya menurut gua menarik apalagi gua suka playstyle santai, dari segi story, grafik, character dan gamenya sendiri serta musuh2 pun sangat seru dan menarik dengan ciri khas masing2. Bansos disini juga jangan ditanya, luar biasa banget kwwkk, overall gua suka banget sama hsr ini.",Positif,gue ngeremehin banget game coba game turnbased ngebosenin banget gua salah gua download gua ga henti bosen game gamenya gua tarik gua suka playstyle santai segi story grafik character gamenya musuh seru tarik ciri khas bansos banget kwwkk overall gua suka banget hsr
94,Myster X,5,17/06/2024 17:22,"Gamenya bagus tapi sumpah aku benci dengan art style yang di bikin sama fans honkai, kayak fandom gitu, jual gambar pornografi dari game ini, sebenarnya yang saya ingin kan main gamenya entah kenapa banyak refrensi tentang gambar gambar pornografi, bahkan clara dibuat mod hamil, astaga (ï¼â€¸áƒš)",Positif,gamenya bagus sumpah benci art style bikin fans honkai kayak fandom gitu jual gambar pornografi game main gamenya refrensi gambar gambar pornografi clara mod hamil astaga
95,Firza Dellano,5,17/06/2024 17:29,"Apa yang harus dinilai ? Semuanya dibuat dengan sempurna! Desain karakter, musik, grafik, cahaya, alur cerita, semuanya sempurna!!! Apa yang harus dinilai lagi!? Saya hanya berharap semoga developer dapat menyajikan yang lebih baik dari ini! Sejauh ini semua sempurna",Positif,nilai sempurna desain karakter musik grafik cahaya alur cerita sempurna nilai harap moga developer saji sempurna
96,bluetears,2,18/06/2024 04:56,Kenapa setiap cutscene pasti langsung lag / patah-patah / ngeframe. Padahal maen genshin aja lancar. Dan ini sudah pakai setingan rata kiri. Tolong di fix atau di beri kelancarannya. Karena menggangu pengalaman untuk mencerna storynya,Negatif,cutscene langsung lag patahpatah ngeframe maen genshin aja lancar pakai ting kiri tolong fix lancar menggangu alam cerna storynya
97,Abdul Kahfi Al Ghifary,5,18/06/2024 09:42,"Seru parahh, alur cerita gamenya benar benar kompleks dan menarik, gameplay nya seru dan taktikal, sebelum ini padahal gak terlalu suka sama turn based, tapi setelah download game ini jadi ketagihan main, bansosnya ngalir deras terus, event nya lumayan banyak jadi gak bosen",Positif,seru parahh alur cerita gamenya kompleks tarik gameplay nya seru taktikal gak suka turn based download game tagih main bansosnya ngalir deras event nya lumayan gak bosen
98,Muhammad Fadilah,5,18/06/2024 10:37,Salam hoyoverse Bisakah anda menambahkan fitur penghapusan data yang tidak terpakai seperti genshin impact penyimpanan telepon genggam ku hampir penuh dikarenakan aku memainkan kedua permainan itu. Terima Kasih. Salam,Positif,salam hoyoverse fitur hapus data pakai genshin impact simpan telepon genggam ku penuh main main terima kasih salam
99,anada bunga,4,18/06/2024 11:14,"Sukak sih tapik kapan kapan adain multiplayer...,yaa belum tentu sih hsr bakal bener bener ada multiplayernyhğŸ˜, suda la kapan pun aku akan menunggu koq, hmm...bungsu emang masih baru barunya buat Adain begituanğŸ˜¥",Netral,sukak sih tapik adain multiplayeryaa sih hsr bener bener multiplayernyh suda la tunggu koq hmmbungsu emang baru adain begitu
100,Khoirul Muntaha,4,18/06/2024 12:56,Sudah cukup bagus.. Cuma buat Player baru cukup susah untuk kelarin story.. Untuk jaringan entah kenapa suka loading mulu saat ekplorasi kalau battle gk ada masalah.. Krn saya f2p... Jd main sntai aja gk muluk2 buat kelarin end gamenya hehe... Jd msih ok lah.. Selama spek perangkat mampu.. ğŸ™,Netral,bagus player susah kelarin story jaring suka loading mulu ekplorasi battle gk krn fp jd main sntai aja gk muluk kelarin end gamenya hehe jd msih ok spek perangkat
101,Zaki Rizqi Fadhlurrahman,5,18/06/2024 13:43,"Story yang penuh plot twist namun menarik, meski turn base namun cocok untuk saya yg ingin bermain game santai setelah bekerja seharian",Positif,story penuh plot twist tarik turn base cocok yg main game santai hari
102,Naura Azkia,5,18/06/2024 14:27,"Gamenya bagus banget kok! Eventnya banyak,kualitasnya bagus,karakternya juga bagus bagus,pokoknya bagus semua! Terima kasih untuk yang bikin game ini! Sangat menyenangkan bisa memainkannya!",Positif,gamenya bagus banget eventnya banyakkualitasnya baguskarakternya bagus baguspokoknya bagus terima kasih bikin game senang main
103,AGUSTINO,4,18/06/2024 22:29,Geme ini sudah bagus tetapi kekurangan saya sering kalah rate off di hard pity harusnya di geme ini tidak ada rate off agar lebih menyenangkan player semoga saya selalu beruntung bisa mendapatkan apa keinginan saya ğŸ˜ŠğŸ™,Netral,geme bagus kurang kalah rate off hard pity geme rate off senang player moga untung
104,yaqub sena,5,18/06/2024 22:50,"Setelah update terdapat bug di quest main story, sebelum update tidak seperti ini tapi setelah update terdapat bug seperti black screen tiba-tiba tetapi cerita dalam quest terus berjalan karena suara terus berlanjut, kemudian karakter yg mau menghampiri triger event dalam quest seakan berlari di tempat tetapi cerita dalam quest terus berlanjut sama seperti diatas suara terus berjalan seiring dengan cerita dalam quest itu.",Positif,update bug quest main story update update bug black screen tibatiba cerita quest jalan suara lanjut karakter yg hampir triger event quest akan lari cerita quest lanjut atas suara jalan iring cerita quest
105,Toka Sakura,5,18/06/2024 22:51,"Terimakasih hoyovers telah membuat game yang sangat di sukai semua orang saya mewakili para Trailblazer mengucapkan terimakasih, karena telah menemani kita saat awal rilis hingga sekarang, hoyovers masih belum ada yang bisa menyaingi game Open Word, semoga semakin berkembang dan bisa menjadi game favorite semua orang. From ""Trailblazer TokaNii"" ğŸ˜‡",Positif,terimakasih hoyovers game suka orang wakil trailblazer terimakasih tani rilis hoyovers saing game open word moga kembang game favorite orang from trailblazer tokanii
106,Fathir Raihan,5,18/06/2024 22:52,Ini salah satu game yang paling unik. Turn base dengan kekuatan elemen dan waekness break. Serta dengan karakter-karakter yang bagus dengan memiliki skill-skill berbeda-beda. Dan juga tidak perlu banyak menghabiskan waktu untuk bermain. Cocok sekali dimainkan bagu yang sibuk oleh pekerjaan jika ingin memainkan sebentar. Dan juga gameplaynya tidak jauh kalah dengan game hoyoverse lainnya.,Positif,salah game unik turn base kuat elemen waekness break karakterkarakter bagus milik skillskill berbedabeda habis main cocok main bagu sibuk kerja main sebentar gameplaynya kalah game hoyoverse
107,Raihan Agustian,5,18/06/2024 22:55,"Gila epic bnget anj ni game dari segi gameplay, story sama karakter nya keren bnget si, cuman side quest nya lebih puyeng dari story quest mana reward cmn 50 stellar, banyakin bansos woy",Positif,gila epic bnget anj ni game segi gameplay story karakter nya keren bnget si cuman side quest nya puyeng story quest reward cmn stellar banyakin bansos woy
108,Agung Ari,5,18/06/2024 23:42,"Gamenya bagus semua ok, tapi kurang event dan quest, saat trailblazer power habis itu gak bisa ngapa ngapain, itu aja sisanya di perbanyak event atau quest battlenya saja. Note: untuk buff konsumsinya tolong agar bisa ditumpuk seperti buff atak elemen dan crit bisa dipakai bersamaan karena sayang aja padahal banyak kombinasi karakter tapi buff dengan tipe yang sama hanya bisa digunakan 1 saja.",Positif,gamenya bagus ok event quest trailblazer power habis gak ngapa ngapain aja sisa banyak event quest battlenya note buff konsumsi tolong tumpuk buff atak elemen crit pakai sama sayang aja kombinasi karakter buff tipe
109,Wandy Yansen,5,19/06/2024 00:18,"Game ny bagus dan menarik mulai dari segi story, karakter, gameplay, desain, yang paling utama sih karakter nya cakep cakepğŸ˜€",Positif,game ny bagus tarik segi story karakter gameplay desain utama sih karakter nya cakep cakep
110,Ikhsan Nur Taqwa,5,19/06/2024 02:04,"walau dapet bailu di awal, dan menyelesaikan story hanya menggunakan Asta, Tingyun, MC Destruction, dan Bailu bisa tamat penacony yey. Sejauh ini game nya masih seru.",Positif,dapet bailu selesai story asta tingyun mc destruction bailu tamat penacony yey game nya seru
111,Novia Eliza,5,19/06/2024 02:39,"baguusss bangett, pluss nya game ini tidak kikir, saat gacha juga nggak ada item yg mengecewakan mana cakep cakep lagi karakter nya,untuk jaringan nggak ada kendala sih sejauh ini, sangat ramah untuk hp mid-range, minusnya ya pling hp cepat panas but overall bagus sukaaaâ¤ï¸ğŸ™ˆ",Positif,baguusss bangett pluss nya game kikir gacha nggak item yg kecewa cakep cakep karakter nyauntuk jaring nggak kendala sih ramah hp midrange minus ya pling hp cepat panas but overall bagus sukaaa
112,Tri Anshari Muharrami,5,19/06/2024 02:51,"Storyny seru banget konten end game juga seru buat dapatin stellar jade jg mudah jdi terkesan ramah f2p seperti aku huhu, sbnarnya baru kali ini coba turn base tpi ternyata cocok di aku pokoknya makasih game baik",Positif,storyny seru banget konten end game seru dapatin stellar jade jg mudah jdi kes ramah fp huhu sbnarnya kali coba turn base tpi cocok pokok makasih game
113,Kanina,5,19/06/2024 03:02,"gamenya bagus pol. dari segi cerita, reward, gameplay, karakter dll. recommended banget mana mainnya tuh lumayan santai gitu apalagi buat kalian yang kesehariannya lumayan sibuk. seru banget ini dimainin pas lagi luang.",Positif,gamenya bagus pol segi cerita reward gameplay karakter dll recommended banget main tuh lumayan santai gitu hari lumayan sibuk seru banget dimainin pas luang
114,Aziz Ramadhan,5,19/06/2024 04:13,"Halo Hoyoverse selagi pembuat game Honkai: Star Rail, saya ingin mengajukan sebuah Fitur yang dimana bisa menghapus data story terdahulu seperti di game Genshin Impact, Saya sangat suka dengan game ini dan karena itulah saya mengajukan ini karena game ini sudah terlalu berat untuk di Handphone saya yang Storage nya 64GB",Netral,halo hoyoverse selagi buat game honkai star rail aju fitur mana hapus data story game genshin impact suka game aju game berat handphone storage nya gb
115,Muhammad Afif Arrafi,1,19/06/2024 05:04,"diperbaiki lagi sistem update nya, sudah update 3gb, lalu update lagi 5gb aneh banget, mana pra unduh lebih besar daripada update sebenarnya, game aneh soal update patch",Negatif,baik sistem update nya update gb update gb aneh banget pra unduh update game aneh update patch
116,Irmayanti,5,19/06/2024 05:24,"Habis update, gabisa ngaplikasiin patch nya, keluar terus dari tadi, solusinya dong... masa iya harus download ulang sih:)",Negatif,habis update gabisa ngaplikasiin patch nya solusi iya download ulang sih
117,Kawaii Bismarck,4,19/06/2024 06:26,"Sedikit keluhan tolong adakan sistem hapus data event yg sudah berlalu, jadi tidak membebankan game nya soalnya makin lama makin besar size game nya. sekian",Negatif,keluh tolong adakan sistem hapus data event yg beban game nya size game nya sekian
118,Azeriben23,1,19/06/2024 06:51,"Di update kali ini mengapa di-updatenya kayak disuruh download ulang,gede bgt dalemannya 15 GB sementara di hp teman saya hanya 700mb Tolong diperbaiki terima kasih",Negatif,update kali diupdatenya kayak suruh download ulanggede bgt dalem gb hp teman mb tolong baik terima kasih
119,Jesslyn Nadia,1,19/06/2024 07:21,"Setiap update data males, sudah bngt padahal udh kosong memori sampe berulang kali dicoba tetep gk bs males. Hrus nunggu lama bngt, udh makan 10gb kuota buat unduh berulang kali jg tetep gk bs.. Ilang sia sia kuota gw.!!",Negatif,update data males bngt udh kosong memori sampe ulang kali coba tetep gk bs males hrus nunggu bngt udh makan gb kuota unduh ulang kali jg tetep gk bs ilang sia sia kuota gw
120,Lucky Setiawan,3,19/06/2024 08:35,"Game nya bagus bangett, makasi udh bikin game sebagus ini, tapi saran aja untuk gacha karakter mungkin bisa di permudah, soalnya susah banget aku dapetnya. Terimakasih :)",Netral,game nya bagus bangett makas udh bikin game bagus saran aja gacha karakter mudah susah banget dapetnya terimakasih
121,Lanang Budip,4,19/06/2024 09:19,Game nya bagus ga ke gensin kikir tapi yg jadi masalahnya buat farming bahan ascend sama trace susah cuma dapet dikit terus tp g ky genshin buat gacha nya yg bisa milih karakter gratis setelah 300 spin kuranginlah ya jadi 200 mungkin kalo segitu dptnya lama mending yg gacha spesial itu aja saran gue yang lainnya bagus.,Netral,game nya bagus ga gensin kikir yg farming bahan ascend trace susah dapet dikit tp g ky genshin gacha nya yg milih karakter gratis spin rangin ya kalo segitu dptnya mending yg gacha spesial aja saran gue bagus
122,Faisal Huda,4,19/06/2024 10:35,"sejujurnya keseluruhan game nya bagus, baik gameplay yg santai, karakter yg banyak, dan bansos yg berlimpah, animasi yang bagus,, tapi saya harap ada keterangan tambahan dari berbagai efek status yang bisa dilihat dari info karakter, lalu penyesuaian musuh agar farming (mengumpulkan bahan) bisa lebih mudah dan cepat ğŸ™",Positif,jujur game nya bagus gameplay yg santai karakter yg bansos yg limpah animasi bagus harap terang tambah efek status info karakter sesuai musuh farming kumpul bahan mudah cepat
123,Nurul Fitriani,5,19/06/2024 11:33,"sejak update 2.0 jadi sering banget force close :D sebel banget tiap lawan musuh, keluar sendiri. sebelumnya ga pernah kaya gini padahal, tolong segera diperbaiki",Positif,update banget force close d sebel banget lawan musuh ga kaya gin tolong baik
124,Dian Ayu Zein,5,19/06/2024 11:53,"Seru banget, hp gw tecno spark 10, main genshin rata kiri burik banget, tapi main honkai sr masih aman banget. Battle juga seru, cerita menarik banget, dan dunia game yg luas. Gacha juga ga ampas, well done honkai SR",Positif,seru banget hp gw tecno spark main genshin kiri burik banget main honkai sr aman banget battle seru cerita tarik banget dunia game yg luas gacha ga ampas well done honkai sr
125,Afra Da lost kat,5,19/06/2024 12:32,"Gameplay nya udah bagus banget Bener bener harus make strategi, seru sih Translate b indo nya juga ngelawak apalagi boothill ğŸ˜­ğŸ˜­ (cuma menurut ku boothill nya jangan terlalu di buat begitu, kalo setiap ngomong kek gitu ya.. jadi biasa aja bahkan nyeselin)",Positif,gameplay nya udah bagus banget bener bener make strategi seru sih translate b indo nya ngelawak boothill ku boothill nya kalo ngomong kek gitu ya aja nyeselin
126,Chiimory_,3,19/06/2024 15:00,"Hadeh padahal updatean kemaren optimalisasi sudah bagus game nya bisa dimainkan lancar 60 fps setelah updatean ini entah kenapa game jadi sangat frame drop dan fps jadi 23-30, why mihoyo ?",Negatif,hadeh updatean kemaren optimalisasi bagus game nya main lancar fps updatean game frame drop fps why mihoyo
127,Yazzu,4,19/06/2024 22:55,"Fliss lah buat pre update nya tolong, tolong banget diperkecil. Gara gara pake fitur pre update, update saya jadi jauh beda dengan orang lain. Masa orang lain cuman download 3gb sedangkan saya harus 10gb gegara pake fitur pre update-nya jelas jauh beda dong dan saya gak terima kalo harus sampe begitu, orang lain sudah bisa menikmati saya masih download update terbaru. Flisss lah hoyo ini masalah update nya tolong ditangani.",Negatif,fliss pre update nya tolong tolong banget kecil gara gara pake fitur pre update update beda orang orang cuman download gb gb gegara pake fitur pre updatenya beda gak terima kalo sampe orang nikmat download update baru flisss hoyo update nya tolong tangan
128,RRQ Pro,5,19/06/2024 23:33,Ada bug pas lagi berbicara lag parah dan satu lagi subtitle Indonesia gk ad itu bug parah sumpah update ini tapi yang lain ya udh baguss banget grafik juga udh baguss itu doang dibenerin ya hoyoverse yang baik dan satu lagi pas update jngn besar2 12gb y jngn minimal 4 gb lag update y,Netral,bug pas bicara lag parah subtitle indonesia gk ad bug parah sumpah update ya udh baguss banget grafik udh baguss doang dibenerin ya hoyoverse pas update jngn gb y jngn minimal gb lag update y
129,Faiz Altair,2,20/06/2024 00:41,"Gamenya udah bagus tapi ada satu kendala ketika bermain yaitu bos aventurin terlalu sulit untuk dilawan terutama yang tahap 2,hal itu menyebabkan saya stuck dan tidak bisa progres gamenya, saya mohon untuk mempermudah pemain ketika bertarung dengan bos aventurin sehingga pemain dapat lebih mudah melakukan progres cerita. Saya pribadi lebih suka menikmati cerita dari misi trail blaze tapi sangat sulit untuk melanjutkan ceritanya karena tidak bisa mengalahkan bos aventurin.",Negatif,gamenya udah bagus kendala main bos aventurin sulit lawan tahap sebab stuck progres gamenya mohon mudah main tarung bos aventurin main mudah progres cerita pribadi suka nikmat cerita misi trail blaze sulit lanjut cerita kalah bos aventurin
130,Bagus Wicaksono,1,20/06/2024 12:33,"lag di in game, dipaksa keluar. sudah melapor ke dev di ingame/lewat email justru tidak ada tanggapan, tidak bisa masuk juga setiap jam 7 malam hingga pukul 12 malam. pdhl sblm jam itu justru aman"" aja. tolong diperbaiki",Negatif,lag in game paksa lapor dev ingamelewat email tanggap masuk jam malam malam pdhl sblm jam aman aja tolong baik
131,Ramdan Purnama (Purnama RMDN),5,20/06/2024 23:25,"Overall bagus bgt , dari segi grafik & story bansos jg bagus hehe. Cuman mungkin fitur pra unduh nya yg ga bagus khususnya buat mobile ğŸ“² terlebih lagi yg internal pas Pasan pra unduh nya Segede GABAN coy ğŸ—¿ mudahÂ²an ke depan nya di UPDATE supaya pra unduh nya WAJAR",Positif,overall bagus bgt segi grafik story bansos jg bagus hehe cuman fitur pra unduh nya yg ga bagus mobile yg internal pas pas pra unduh nya gede gaban coy mudah nya update pra unduh nya wajar
132,Daffa Kanigara,4,21/06/2024 15:36,"Bener2 smooth animasinya, design karakternya perfect banget, buildnya kumplit, gachanya dan bansos gak pelit, dan storynya bener2 bagus banget. Tapi kekurangannya yaitu gak bisa mabar kayak genshin. Bisanya cuman berteman saja dan gak mabar, jadinya sayang sekali kurang seruğŸ˜”ğŸ˜”ğŸ˜” jadi untuk sementara aku kasih b4 dulu klo udh bisa mabar aku kasih b5 semangat HoYoVerseğŸ‘ğŸ‘ğŸ‘",Netral,bener smooth animasi design karakter perfect banget buildnya kumplit gachanya bansos gak pelit storynya bener bagus banget kurang gak mabar kayak genshin bisa cuman teman gak mabar sayang seru kasih b klo udh mabar kasih b semangat hoyoverse
133,Fairing Knight,3,21/06/2024 15:52,"Tolong berikan solusi untuk gacha relicnya, karakter saya dari awal rilis sampai sekarang belum bisa optimal relic nya kalo main statnya okelah gk ada permasalahannya, cuman subsat nya pas di up gk nyambung, semisal build dps main statnya crit rate, nah substats nya yang kebanyakan di up bukan spd atau atk atau cr/cdm, tapi malah kenyang di up def/def% atau hp/hp%, tolong lah hoyoverse berikan solusi farm relic ini, kalo bisa relicnya gk perlu gacha dah",Negatif,tolong solusi gacha relicnya karakter rilis optimal relic nya kalo main statnya oke gk masalah cuman subsat nya pas up gk nyambung build dps main statnya crit rate substats nya banyak up spd atk crcdm kenyang up defdef hphp tolong hoyoverse solusi farm relic kalo relicnya gk gacha dah
134,rama Wanted,3,21/06/2024 21:55,saran saya eventnya jangan di buat lama2 seperti harus explore sana sini. Untuk yg gk ada banyak waktu jadi males ngelarin eventnya. Walau salah kita sendiri yg males. Tapi mohon bikin event yg langsung battle atau tekateki saja tanpa explore. Terimakasih.,Negatif,saran eventnya explore yg gk males ngelarin eventnya salah yg males mohon bikin event yg langsung battle tekateki explore terimakasih
135,Risky Pratama Atmaja,3,22/06/2024 04:19,"Tolong atasi bug ""TOO MANY REQUEST""!! padahal cuma punya 2 akun loh masa kena limit gitu.. mohon di atasi segera pihak mihoyo yang tercintağŸ™ğŸ‘ğŸ»",Negatif,tolong atas bug too many request akun loh kena limit gitu mohon atas mihoyo cinta
136,ade julian syah,4,22/06/2024 05:14,"Okehlah sekarang butuh relic perfect sesuai dengan set yg di butuhkan nguli terus jarang dapet yg bagus, dah dapet yg bagus saat di up malah ke stat yg jelek semua",Netral,okehlah butuh relic perfect sesuai set yg butuh nguli jarang dapet yg bagus dah dapet yg bagus up stat yg jelek
137,F. Heldierona Phrasazn,2,22/06/2024 06:13,"Alur gamenya udah bagus banget, visual dan voice actor yang menarik. Selama ini hampir gak ada keluhan soal bagaimana game-nya berjalan, terutama cutscene yang masih lumayan lancar meski kadang patah-patah. Kekurangan di game kali ini cuma satu, yaitu update terbaru selalu makan memori terlalu besar. Update data terbaru saat ini sampai 13gb, tolong diperkecil lagi atau hapus data yang sudah tidak terpakai.",Netral,alur gamenya udah bagus banget visual voice actor tarik gak keluh gamenya jalan cutscene lumayan lancar kadang patahpatah kurang game kali update baru makan memori update data baru gb tolong kecil hapus data pakai
138,Kaamila Putrie23,5,22/06/2024 11:47,"Game nya bagus, terutama alur cerita mau itu alur cerita nya sang MC atau pun alur cerita dari karakternya sangat bagus ğŸ˜Š. Game nya juga suka baksos, game nya pake data, biar pun penyimpanan GB nya lumayan, tapi itu yang membuat game nya bagus ğŸ˜Š. Dan kendala yang saya alami itu terkadang suka keluar sendiri dari genus nya, dan suka ngebuk. Semoga gem nya bisa lebih baik lagi. Sekian terima kasih ğŸ˜Š.",Positif,game nya bagus alur cerita alur cerita nya sang mc alur cerita karakter bagus game nya suka baksos game nya pake data biar simpan gb nya lumayan game nya bagus kendala alami terkadang suka genus nya suka ngebuk moga gem nya sekian terima kasih
139,Ahmad Alucard,4,22/06/2024 12:34,"Game bagus,keren, soal grafik juga GG Tapi..bug benda ngilang dan kedip kedip nya ganggu banget. Tolong fix bug nya ya developer yang terhormat biar saya main nya lebih nyamanğŸ˜",Netral,game baguskeren grafik gg tapibug benda ngilang kedip kedip nya ganggu banget tolong fix bug nya ya developer hormat biar main nya nyaman
140,Naomi MAsagala,1,22/06/2024 15:12,Bisa gak sih pas story penacony bagian akhir pas lawan musuh the pasti present and eternal show sama lawan bos sunday nya di pisah aja? Masa saya left saya kira dah tinggal lawan bos sunday nya malah ngulang lagi dri awal (gak semua orang punya damage bagus anjr),Negatif,gak sih pas story penacony pas lawan musuh the present and eternal show lawan bos sunday nya pisah aja left dah tinggal lawan bos sunday nya ngulang dri gak orang damage bagus anjr
141,Tiwi Sama,3,22/06/2024 16:03,"Bagus si gamenya, cuma sayangnya setiap kali login kadang harus mengunduh sumber data dan itu ngabisin paketn lebih dari 10gb:(",Netral,bagus si gamenya sayang kali login kadang unduh sumber data ngabisin paketn gb
142,Muhamad Prayoga Nasution,3,23/06/2024 00:38,"Setelah update akun selalu ter logout, yang dimana saya didak dapat melakukan login dengan akun hoyoverse, ini menyebalkan karena akun saya selalu terkunci dalam beberapa waktu, tolong atasi masalah seperti ini",Negatif,update akun ter logout mana didak login akun hoyoverse sebal akun kunci tolong atas
143,Dio,4,23/06/2024 04:17,Bintang 4 Itu voice argenti yang en gada suara nya Tolong di perbaiki Mohon sangat mohon ya Saya ngerjain story quest nya jadi kurang nyaman karena voice argenti en nya gada Jadi kaya datar aja gitu Mohon ya segera di perbaiki sekian.,Negatif,bintang voice argenti en gada suara nya tolong baik mohon mohon ya ngerjain story quest nya nyaman voice argenti en nya gada kaya datar aja gitu mohon ya baik sekian
144,Duta Efendi,2,23/06/2024 10:19,"Aku tidak bercanda ketika mengatakan kalau gamenya begitu 'grindy'. Untuk relic, main stat gacha, sub-stat gacha, bahkan ketika dinaikkan pun gacha. Tidakkah itu berlebihan? Bagi player baru pun rasanya terlalu sulit untuk menyelesaikan konten seperti MoC atau PF, padahal dari itulah pendapatan Stellar Jade yang utama bukan? Alhasil sulit untuk mendapatkan karakter yang hendak di-pull. Padahal karakter itu cukup kuat untuk menambal kekurangan. Bam! Terjadilah pusaran yang sangat membelenggu.",Negatif,canda gamenya grindy relic main stat gacha substat gacha naik gacha player sulit selesai konten moc pf dapat stellar jade utama alhasil sulit karakter dipull karakter kuat tambal kurang bam pusar belenggu
145,Kanaya Ariantari,3,23/06/2024 12:41,Game nya bagus cerita nya juga seru tapi tolong lah juvenile sting nya di nerf soalnya masak setiap 1 teman nya ilang dia tambah lagi itu susah banget jadi nya jadi ngerasa curang gitu terus juga tolong bos nya jangan lah habis dah selesain map javilo IV malahan map selanjutnya hampir semua boss pula dia punya tahap 2 habis darah habis jadi nya susah bahkan malahan si deer nya itu malahan selalu stuck di darah 37/36 pas di tahap 2 bisa dikasih sedikit nerf soalnya menyusahkan sekali,Netral,game nya bagus cerita nya seru tolong juvenile sting nya nerf masak teman nya ilang susah banget nya ngerasa curang gitu tolong bos nya habis dah selesain map javilo iv map boss tahap habis darah habis nya susah si deer nya stuck darah pas tahap kasih nerf susah
146,Vrixella Arthella,5,23/06/2024 12:44,"Aku benar benar mencintai game ini karena bansos nya yang sangat banyak, hadiah dari eventÂ² nya jga bnyak bnget, terus klau nge-gacha Alhamdulillah nya ak sllu menang rate off meskipun hard pity wkwk tpi klau kalah pling dpet b5 limited dibawah 20 pity gtu. TPI PLS STOP KSIH AK B5 STANDAR YG SAMA MULU BERI AKU WELT PLSSSSS",Positif,cinta game bansos nya hadiah event nya jga bnyak bnget klau ngegacha alhamdulillah nya ak sllu menang rate off hard pity wkwk tpi klau kalah pling dpet b limited bawah pity gtu tpi pls stop ksih ak b standar yg mulu welt plsssss
147,Lexx Down,5,24/06/2024 03:47,"Game grafik alur bagus dan bansos ya jga ramah,, Untuk kalian yg kesusahan update trus gagal Mulu,, itu penyimpanan ya udh ga kuat dah mending vensi jgan ngereting SE enak ya,, toh hp kalian yg kentang",Positif,game grafik alur bagus bansos ya jga ramah yg susah update trus gagal mulu simpan ya udh ga kuat dah mending vensi jgan ngereting enak ya hp yg kentang
148,prabu prabu,3,24/06/2024 04:41,Di mana turnbasenya ok pertama ini game turn base dan kenapa musuh bisa menyerang dua kali sedangkan kita harus menggunakan karakter seperti bronya dan tau gara gara itu aku gak bisa mendapatkan menyelesaikan event karena musuh dapet lebih banyak giliran dari pada kita di mana turnbasenya di tambah memakan penyimpanan yang bener bener besar hp saya sudah mau habis penyimpanannya dah lah nak mau monopoli aja turnbasenya lebih adil,Negatif,turnbasenya ok game turn base musuh serang kali karakter bronya tau gara gara gak selesai event musuh dapet gilir turnbasenya makan simpan bener bener hp habis simpan dah nak monopoli aja turnbasenya adil
149,Turah Jio,3,24/06/2024 09:01,Mohon maaf terganggu untuk Honkai Star Rail saat saya bermain Honkai Star Rail Saat Download okayy tapi masuk ya gk bisa download lagi pas tutorial udh lesai kan udh download di loby tapi kok harus download lagi mohon diperbaiki ğŸ™,Negatif,mohon maaf ganggu honkai star rail main honkai star rail download okayy masuk ya gk download pas tutorial udh lesa udh download loby download mohon baik
150,Cahya Pradipta,2,24/06/2024 09:23,"Padahal gamenya bagus banget, hampir perfect buat orang sibuk, tapi kenapa semakin kesini semakin jadi meta oriented, perilisan karakter b5 terlalu cepat dan banyak (2 b5 per patch) sehingga kadang mengejar karakter lama kesulitan karena sering kali karakter itu rerun bersama dengan karakter baru yang meta. Aku rindu HSR yang dulu pada saat MOC masih lantai 10, saat Jing Liu rilis yang meta bukan hanya Jing Liu tapi Serval (B4) juga meta, begitupun Dan heng IL rilis, Qingque(B4) juga ikutan meta",Negatif,gamenya bagus banget perfect orang sibuk kesini meta oriented rilis karakter b cepat b patch kadang kejar karakter sulit kali karakter rerun karakter meta rindu hsr moc lantai jing liu rilis meta jing liu serval b meta heng il rilis qingqueb ikut meta
151,Dewa Adi,3,24/06/2024 10:32,"Saya sangat suka game ini, tapi kenapa sangat sulit untuk mendapatkan relic yang dibutuhkan untuk character, saya menggunakan hampir semua sumber daya yang ada tapi tidak mendapatkan satupun relic yang bagus ğŸ˜ğŸ˜ğŸ˜",Netral,suka game sulit relic butuh character sumber daya satu relic bagus
152,Richard Langsa,4,24/06/2024 12:43,"Tolong banget, kenapa kalau cutscene selalu patah patah sedangkan kalau bertarung aman aman aja , tolong banget di perbaiki soalnya saya itu suka nonton cutscene ğŸ™ğŸ¼",Netral,tolong banget cutscene patah patah tarung aman aman aja tolong banget baik suka nonton cutscene
153,Alvarel Genshin,5,24/06/2024 19:26,"Terimakasih HSR, saya seminggu pertama main ketika awal rilis meninggalkan game ini, setahun kemudian kembali karena marketing mereka dari berbagai platform dan saya mainkan benar - benar luar biasa!, ternyata oh ternyata story game dan vibes yang mereka bawakan luar biasa, apalagi ketika boss fighting diberikan soundtrack yang luar biasa membuat vibes permainan nya semakin asik, jujur pertama kali ini saya bermain game yang membawakan vibes nya bener2 asik cuma di honkai star rail, thanks ğŸ˜†",Positif,terimakasih hsr minggu main rilis tinggal game tahun marketing platform main oh story game vibes bawa boss fighting soundtrack vibes main nya asik jujur kali main game bawa vibes nya bener asik honkai star rail thanks
154,Shiraori Ne,3,24/06/2024 23:00,Terjadi error' terus di saat mau login dan prosesnya lama,Negatif,error login proses
155,Dino Tanu wijaya,2,25/06/2024 06:25,Kepada developer yang terhomat tolong tanggapi komentar ini tolong segera di perbaiki servernya karena saya mau login gak masuk too many request terus jadi saya kasih bintang 2 dulu yah kalo udah di perbaiki ntar saya kasih bintang 5,Negatif,developer terhomat tolong tanggap komentar tolong baik servernya login gak masuk too many request kasih bintang yah kalo udah baik ntar kasih bintang
156,Muhammad Imam Muslim,2,25/06/2024 06:56,Saya hapus karena game terlalu berat padahal game ini sangat bagus sekali sayang tidak bisa improvement dalam segi penyimpanan apalagi gameplay-nya cuma turn base,Negatif,hapus game berat game bagus sayang improvement segi simpan gameplaynya turn base
157,Muh. Al Khalifah Ramadhan,1,26/06/2024 03:41,"Awalnya seneng Ama gamenya, tapi pas baru keluar dan masuk lagi harus periksa data lagi udah cape cape nuggu lama eh harus nunggu lagi game macam apa iniğŸ™„ğŸ™„ğŸ™„",Negatif,neng ama gamenya pas masuk periksa data udah cape cape nuggu eh nunggu game
158,Nur Madinah,1,26/06/2024 06:13,"Gw udah capek2 ngerjain questnya, udah capek2 build karakter dan dengan mudahnya lu bikin gw kembali di awal lagi mainnya, yang bener aja? Mentang-mentang gw pensi mainnya lalu balik lagi. Gimana sih hoyovers? Udahlah males gw mainin game ini , capek2 gw rawat akun gw malah dihilangin segitu mudahnya. Sumpah anj malas bangat gw",Negatif,gw udah capek ngerjain questnya udah capek build karakter mudah lu bikin gw main bener aja mentangmentang gw pensi main gimana sih hoyovers udahlah males gw mainin game capek gw rawat akun gw dihilangin segitu mudah sumpah anj malas bangat gw
159,Putra As,1,26/06/2024 10:32,"Setelah saya berhenti bermain untuk beberapa bulan. saat kembali bermain, akun saya tereset? Why?? Memang sih gw cuman main diawalÂ² doang tpi kn tetep aja...masa ngulang lagi dri awal, terus hasil gacha saia gimana? Kafka gw ilangğŸ˜­",Negatif,henti main main akun tereset why sih gw cuman main awal doang tpi kn tetep ajamasa ngulang dri hasil gacha saia gimana kafka gw ilang
160,Ramadhani Asis,1,27/06/2024 01:44,"kenapa bos di aventurin itu sangat susah, jangan bikin bos di luar kemampuan, saya ini bukan player yg top up saya pemain gratisan jdi saya memakai char yg dari f2p sj, bos kok di kasi sangat susah udah saya build semua karakter ku sampe ikut saran sepuh tetap tidak Bisa kalahin, saya berharap bos aventurin itu di mudahkan lagi",Negatif,bos aventurin susah bikin bos mampu player yg top up main gratis jdi pakai char yg fp sj bos kasi susah udah build karakter ku sampe saran sepuh kalahin harap bos aventurin mudah
161,Aurel Wibuu,5,27/06/2024 10:14,"Jujur sih dari alur cerita atau desain karakter bagus-bagus semua, banyak bansos, karakterny juga ganteng-ganteng. Tapi yng aneh itu kalo login pake wifi gabisa, sedangkan pake data bisa.",Positif,jujur sih alur cerita desain karakter bagusbagus bansos karakterny gantengganteng yng aneh kalo login pake wifi gabisa pake data
162,Aditya Dika,3,27/06/2024 11:07,"Overall bagus, world, story semuanya tidak ada masalah. Tapi tolong jaga keseimbangan antar karakter dong, power creep di game ini sangat parah. Karakter yang bagus di early patch jadi tidak berguna di patch terbaru dan event Simulated Universe Gold and Gear terlalu rumit dan panjang untuk hadiah yang menurut saya tidak sebegitu banyak. Ini game bagus sangat recommend, tapi tolong lah Mihoyo, power creep and keseimbangan gameplay/event tolong di perhatikan.",Netral,overall bagus world story tolong jaga imbang karakter power creep game parah karakter bagus early patch guna patch baru event simulated universe gold and gear rumit hadiah game bagus recommend tolong mihoyo power creep and imbang gameplayevent tolong perhati
163,Kenzi Rifki Syafaras,3,27/06/2024 14:00,Saya tidak tahu tapi saya lihat di google tentang informasi size honkai Star rail tertulis bahwa untuk android itu butuh 5-7 GB dan yang PC butuh 20 GB tetapi saat saya memainkan game ini saya disuruh untuk mendownload data data lainnya sebesar 18 GB ğŸ™,Negatif,lihat google informasi size honkai star rail tulis android butuh gb pc butuh gb main game suruh mendownload data data gb
164,Kadek Difa,3,28/06/2024 00:43,Saya ingin memberitahu suatu masalah di story penaconi saat saya menjalankan story aventurin dia saat berevolusi pertahanan nya sangat kuat hingga karakter saya kualahan demage pun sangat sakit tolong nerf bos aventurin di story penakoni padahal karakter firefly saya sudah level 80 tapi demage nya tidak masuk yang masuk pun hanya bereak effect tolong bos nya di nerf agar yang menjalankan story mudah menyelesaikannya,Negatif,memberitahu story penaconi jalan story aventurin evolusi tahan nya kuat karakter kualahan dage sakit tolong nerf bos aventurin story penakoni karakter firefly level dage nya masuk masuk reak effect tolong bos nya nerf jalan story mudah selesai
165,Albedo,2,28/06/2024 02:21,"Sedari Awal Saya Main Sampai Equilibium 30 Saya Tidak Pernah Mendapatkan Karakter Bintang 5,Itu Menyusahkan Sekali Saat Mengambil Quest Fight Atau Raid Boss,Saya Hanya Menggunakan Danheng Gara"" Itu,Sudah Mencapai Pity 200 Lebih Dan Saya Tidak Mendapat Karakter Bintang 5 Sekalipun,Tolong Hoyoverse Berikan Saya Kesempatan Untuk Mendapatkan Karakter Bintang 5 FireFly Atau Semacamnya ğŸ™ğŸ»",Negatif,dar main equilibium karakter bintang susah ambil quest fight raid bosssaya danheng gara itusudah capai pity karakter bintang sekalipuntolong hoyoverse sempat karakter bintang firefly macam
166,Adi Kurniawan,3,28/06/2024 02:44,"hemm kok tiba tiba ga bisa masuk loading di awal scren pdhl ga di apa apain apknya, filenya, masa ia harus download ulang datanya mana gada solusi pula pas di cari haaaaahh. mana lama download datanya. solusinyalah",Negatif,hemm ga masuk loading scren pdhl ga apain apknya filenya download ulang data gada solusi pas cari haaaaahh download data solusi
167,Rio Andreyanto,2,28/06/2024 03:17,Maaf min ini game nya nge bug saya mau login udah sekitaran 30 menot ga masuk ke layar buat login cuman muncul gambar login screen saya coba un instal download lg ko masih gitiu ya?,Negatif,maaf min game nya nge bug login udah sekitar not ga masuk layar login cuman muncul gambar login screen coba un instal download lg ko gitiu ya
168,Yasmin Putri,5,28/06/2024 06:43,"Aku lebih suka ini daripada gensi impact soalnya loadingnya ga terlalu lama kalo gensi impact lamaa pol, ga terlalu ngeleg and bug aman maap nya bagus"" and karakter nya bagus dan skill nya juga",Positif,suka gensi impact loadingnya ga kalo gensi impact lamaa pol ga ngeleg and bug aman maap nya bagus and karakter nya bagus skill nya
169,-Alraxn -,3,28/06/2024 07:00,"Overall bagus sih ini gamenya cuman pas bagian unduh data, beuhhh lama bet padahal internet lancar gak ada masalah. dari yang tadinya udah exicited banget main game ini malah harus nunggu unduh data yang ngebikin jadi gak exicited lagi :(",Netral,overall bagus sih gamenya cuman pas unduh data beuhhh bet internet lancar gak udah exicited banget main game nunggu unduh data ngebikin gak exicited
170,Akhmad Yusuf,5,28/06/2024 11:50,"gameee turn base paling menarik yang gw mainin, setiap content tuh beda banget mekaniknya gak sembarang asal build Chara bagus bisa win, buff yang dikasih unik2 semua, the best lah hsr",Positif,gameee turn base tarik gw mainin content tuh beda banget mekanik gak sembarang build chara bagus win buff kasih unik the best hsr
171,Fiki Ramadhan,3,28/06/2024 12:25,"Gamenya makin update patch semakin berat,bahkan hp ram 6 aja udah overheat hp,kalau bisa hoyoverse tolong di ringankan lagi dari segi grafik,data dan lainnya.terimakasih",Negatif,gamenya update patch beratbahkan hp ram aja udah overheat hpkalau hoyoverse tolong ringan segi grafikdata lainnyaterimakasih
172,Nadhiifah Kaumi,4,29/06/2024 09:37,"ini game tuh bagus banget aslii, ga ngebosenin, chat nya cakep cakep, wareg bansos, ga kikir, dan santai. Gua suka banget mainin ni game dan emg seseru itu. Tapi....yang jadi masalah nya PRA UNDUH DATA nya....gedee bangett, tolong file yg lalu bisa dihapus biar g makan banyak size, hp gua sekarat soalnya",Netral,game tuh bagus banget asli ga ngebosenin chat nya cakep cakep wareg bansos ga kikir santai gua suka banget mainin ni game emg seru tapiyang nya pra unduh data nyagedee bangett tolong file yg hapus biar g makan size hp gua sekarat
173,Siti Aisyah,5,29/06/2024 14:27,"Awalnya mungkin membosankan, tapi percayalah itu masih pembukaan (ngebelajarin cara bermain kau), setelah selesai dari tahap itu, dan bagi HPnya ga kentang, dijamin bakal seru! , kembali lagi tergantung tipe orangnya suka jenis game yang kaya apa.",Positif,bosan percaya buka ngebelajarin main kau selesai tahap hpnya ga kentang jamin seru gantung tipe orang suka jenis game kaya
174,Ğ³à¸„à¹”à¹€têŒ¦à¸„ Harithz. M,5,30/06/2024 02:37,"Love This game! Dari Graphics nya bagus, Karakternya juga bagus, Event nya juga seru banget Jujur dari awal Cerita Udah tertarik banget buat main game ini Pokoknya bagus dehğŸ‘Œ",Positif,love this game graphics nya bagus karakter bagus event nya seru banget jujur cerita udah tarik banget main game pokok bagus deh
175,Naura Larasati,4,30/06/2024 06:48,"Gamenya udah bagus, tinggal size updatenya yang menurut aku itu terlalu besar untuk hp yang size memorinya sedikit",Netral,gamenya udah bagus tinggal size updatenya hp size memori
176,Sugeng Pramono,5,30/06/2024 07:47,"Bagi lu semua yang ngeluh sama updatean yang terlalu besar, lu mau main yang berstory ya elu harus rela buat keluarin banyak memory lah boss..... Hsr udah kasih banyak bansos, udah kasih story yang seru banget, lu malah ngeluh updateanya yang besar.",Positif,lu ngeluh updatean lu main berstory ya elu rela keluarin memory boss hsr udah kasih bansos udah kasih story seru banget lu ngeluh updateanya
177,Alleta harifa zani,1,30/06/2024 13:53,"Perbaiki kondisi jaringan. Masa setiap login selalu login ulang? Padahal wifi lancar buka aplikasi lain terlebih lagi update-nya jangan terlalu gede dong, gila setiap update 10 gb bisa rusak ni hp",Negatif,baik kondisi jaring login login ulang wifi lancar buka aplikasi updatenya gede gila update gb rusak ni hp
178,Qing'Yuu,1,30/06/2024 21:11,"Ente lah. cape liat nya, ga tau akun nya emng busuk? Bikin akun baru pun sama bae padahal buat nyari happy dari akun lama. buat reward emang banyak tapi sistem pity nya kikir sering kena rate off di hard pity dah lahh cape ngejelasin nya jga gabakalan di tanggepin. Thanks sudah menemani waktu luang nya ....",Negatif,ente cape liat nya ga tau akun nya emng busuk bikin akun bae nyari happy akun reward emang sistem pity nya kikir kena rate off hard pity dah lahh cape ngejelasin nya jga gabakalan tanggepin thanks tani luang nya
179,just be happy and always be happy,5,01/07/2024 16:59,"LOVE BANGETTT chara nya keren, awalnya kirain bakal bosen karena ini game turn based, tapi ternyata overall gamenya seru!! Fandomnya juga lawak, walau agak ngeselin.",Positif,love bangettt chara nya keren kirain bosen game turn based overall gamenya seru fandomnya lawak ngeselin
180,Dzaki aditya,5,02/07/2024 13:09,Game yang sangat bagus recommended sekali buat yg suka game RPG dan dari grafiknya sudah bagus di tambah sound dari map nya juga epic banget dengernya apalagi di map penacony di dream's edge sama golden hour,Positif,game bagus recommended yg suka game rpg grafik bagus sound map nya epic banget dengernya map penacony dreams edge golden hour
181,Muhammad Alfarizi (Faiz),5,02/07/2024 18:05,"bener"" gak nyangka dari awal pernah bebrburuk sangka kalo gameplaymya bakal ngebosenin karena fightnya cuman begitu, ternyata pas udah ngemainin gamenya jadi ketagihan side questnya banyak dan ga ngebosenin banyak pilihan bubble teks yang bisa di pilih buat interaksi ke char lain / npc banyak karakter playable juga dan ga pelit material buat upgrade dan arc penacony the best bgt hmpir stiap jalan nangis di penacony karena terharu ada game seindah ini.. dari story game sampe ke perasaan playernya",Positif,bener gak nyangka bebrburuk sangka kalo gameplaymya ngebosenin fightnya cuman pas udah ngemainin gamenya tagih side questnya ga ngebosenin pilih bubble teks pilih interaksi char npc karakter playable ga pelit material upgrade arc penacony the best bgt hmpir stiap jalan nang penacony haru game indah story game sampe asa playernya
182,Satyaxx,5,03/07/2024 07:14,"game nya bagus animasi battle nya dan visual efek nya bagus cuman agak berat di hp ku hahaha, mau buatan hoyoverse yah mau gimana lagi",Positif,game nya bagus animasi battle nya visual efek nya bagus cuman berat hp ku hahaha buat hoyoverse yah gimana
183,Vaneza Tsaniyya,2,03/07/2024 08:02,"Setelah Update DU, bug nya jadi tambah ngeselin, salah satu nya pas selesai ngelawan Bos Sam efek api-api nya masih ada padahal udah gak main DU lagi, belum lagi tiba-tiba Force Close.",Negatif,update du bug nya ngeselin salah nya pas selesai ngelawan bos sam efek apiapi nya udah gak main du tibatiba force close
184,greyseral,5,03/07/2024 15:22,"Tipe game turn base, jalan cerita menarik seperti game rpg pada umum nya, grafik juga bagus, baru main di awal merasa terkesan, semoga kedepan nya tidak membosankan Saat ini Story : 8 Music : 9 Graphic : 10",Positif,tipe game turn base jalan cerita tarik game rpg nya grafik bagus main kes moga depan nya bosan story music graphic
185,mitha,5,04/07/2024 06:26,"bagus + keren! (wlpun trun base gamenya ngasih kesan yang berbeda dan menjadi menarik!), dari segi grafik, story, dan desain karakternya juga bagusÂ² semua (apalagi bagian ngasih hadiah hehe), tetapi kadang di bagian alur cerita terjadi lag/bug dan menjadi kurang puas, ya.. walaupun terjadi beberapa kendala, game ini overall udah oke!",Netral,bagus keren wlpun trun base gamenya ngasih kesan beda tarik segi grafik story desain karakter bagus ngasih hadiah hehe kadang alur cerita lagbug puas ya kendala game overall udah oke
186,Iqbal Syawaludin,5,04/07/2024 08:12,"Untuk keseluruhan sih bagus, tinggal di perbaiki bagian koneksi internet nya aja soalnya pengalaman saya bermain game ini sering DC. Ya itu aja sih terus dikembangkan lagi",Positif,sih bagus tinggal baik koneksi internet nya aja alam main game dc ya aja sih kembang
187,Muhamad Rezky,5,04/07/2024 10:56,"Overall game nya bagus.dari story, gacha. Cuma terkadang ga bisa login ada tulisan (to many request). Kemarin udah lancar seharian bisa login.malah nambah parah udah 2 hari ga bisa login. Sayang daily login nya",Netral,overall game nya bagusdari story gacha terkadang ga login tulis to many request kemarin udah lancar hari loginmalah nambah parah udah ga login sayang daily login nya
188,Ridell Nusa Bhakti,5,04/07/2024 20:41,"mungkin ini adalah game turn base terbaik yang pernah saya mainkan. kenapa saya bilang seperti itu? karena kali ini Hoyoverse benar benar membuat sebuah maha karya yang sangat luar biasa!. ga nanggungÂ², cut scene dipaksa/dibuat dengan kualitas terbaik 4K 60FPS!!. dan disuguhkan gameplay menarik!, ditambah oleh story yang benar benar EPIC!, dan dibarengi musik yang luar biasa BAGUS! saya dibuat tidak bisa berkataÂ² lagi karena baru kali ini saya menemukan game TERBAIK dan TERNIAT seumur hidup saya",Positif,game turn base baik main bilang kali hoyoverse maha karya ga nanggung cut scene dipaksadibuat kualitas baik k fps suguh gameplay tarik tambah story epic bareng musik bagus kali temu game baik niat umur hidup
189,AizzenXOrion,5,05/07/2024 03:01,"Game yang sangat kompleks dan tidak membosankan, kekurangannya cuma dibagian gacha saja kayak kurang adill seperti persenan mendapatkan karakter bagus sangat kurang.",Positif,game kompleks bosan kurang bagi gacha kayak adill persen karakter bagus
190,Muhammad Rianda,5,05/07/2024 04:56,"""Game Honkai Star Rail dari HoYoverse benar-benar mengesankan! Grafisnya memukau, alur ceritanya mendalam, dan gameplay-nya sangat adiktif. Karakter-karakternya dirancang dengan baik dan setiap pertarungan memberikan pengalaman yang seru.",Positif,game honkai star rail hoyoverse benarbenar kesan grafis pukau alur cerita dalam gameplaynya adiktif karakterkarakternya rancang tarung alam seru
191,Evani Yuan (Vanyuan),5,05/07/2024 09:46,"Game tersayang dah pokoknya, btw kalau bisa pembelian passnya gak usah di batesin jadi gue bisa topup sekali banyak gitu kayak gue pengennya itu beli pass setahun sekali aja gitu, gak 5 bulan sekali mager gue, sama kalau bisa banner karakter cwonya agak di kurangin kek 2-3 kali update aja muncul karakter cwonya gue mau ambil lc sing sama eidolon jdi gak bisa, mana pity tinggi mulu gak ngeluh kok, cuman sedih aja",Positif,game sayang dah pokok btw beli passnya gak batesin gue topup gitu kayak gue ken beli pass tahun aja gitu gak mager gue banner karakter cwonya rangin kek kali update aja muncul karakter cwonya gue ambil lc sing eidolon jdi gak pity mulu gak ngeluh cuman sedih aja
192,Nlao Vuea,5,05/07/2024 11:29,"Grafik, cutscene, musik, subtitle, karakter dan cerita gak mengecewakan. Hoyoverse selalu totalitas pokoknya, dari awalnya engga tertarik turn base malah jadi suka ğŸ˜‚",Positif,grafik cutscene musik subtitle karakter cerita gak kecewa hoyoverse totalitas pokok engga tarik turn base suka
193,Dita Triganda,5,05/07/2024 15:35,"design karakter bagus semua, map oke lah tiap planet map-nya variatif, grafik juga keren. storynya tiap patch makin seru ciamik banget, minusnya metanya cepet banget ganti bjir jadi mau gak mau harus gacha, tp wajar si soalnya banyak bansos juga ini game baik",Positif,design karakter bagus map oke planet map variatif grafik keren storynya patch seru ciamik banget minus meta cepet banget ganti bjir gak gacha tp wajar si bansos game
194,6C_03_Aisha syifa arianto,5,05/07/2024 16:24,"Story nya bagus,desain karakternya bagus,banyak waifu dan husbu ganteng,walau susah tapi seru,tinggal di tambahin expy nya kiana atau fu hua aja sih udah perfect bgt ni game",Positif,story nya bagusdesain karakter bagusbanyak waifu husbu gantengwalau susah serutinggal tambahin expy nya kiana fu hua aja sih udah perfect bgt ni game
195,Darrell Enzi,5,06/07/2024 05:19,"Bagus Parah nih game, walaupun pakek gameplay turn base tapi mulai dari mekanik, grafik maupun cerita ini salah satu game mobile yang bagus, story nya ngk ngebosenin, view setiap planet itu bagus"" dari kapal herta sampek penacony, bagus dah char yang variatif dan tidak repetitif bisa char yang playable atau pun cuman npc (contoh nya siobhan) ngk kayak game sebelah yang char npc nya pakek template yang sama. Sekian salam xianzhou. ğŸ˜‹",Positif,bagus parah nih game pakek gameplay turn base mekanik grafik cerita salah game mobile bagus story nya ngk ngebosenin view planet bagus kapal herta sampek penacony bagus dah char variatif repetitif char playable cuman npc contoh nya siobhan ngk kayak game belah char npc nya pakek template sekian salam xianzhou
196,Ikrar Putra Nusa Bhakti-2023,4,06/07/2024 08:22,gamenya bagus bisa menyaingi game turn base lain. kekurangannya tidak bisa menghapus data quest lama seperti genshin. tolong kedepannya beri fitur tersebut,Netral,gamenya bagus saing game turn base kurang hapus data quest genshin tolong depan fitur
197,syahrul jaya,2,06/07/2024 15:00,"Ada Bug di pengguna android 11 mediatext g90 waktu lawan Svarog ( Complete ) pas svarog ngeluarin rudal phase 2 langsung Freze. tapi game nya tetep jalan dan langsung Fc. kondisi hp masih adem, + kondisi blesing herta simulated universe destruction b3 yang bagi damage ke team. itu yang bikin Freze",Negatif,bug guna android mediatext g lawan svarog complete pas svarog ngeluarin rudal phase langsung freze game nya tetep jalan langsung fc kondisi hp adem kondisi blesing herta simulated universe destruction b damage team bikin freze
198,Ophw_18,2,07/07/2024 10:18,"ok but- every gacha, I don't get 5 stars anw broo aku lupa ujian equilibrium dan loncat ke xianzhou lalu penacony, setelah aku melakukan ujian tersebut, level exp ku menghilang dan kembali menjadi level 30 padahal seharusnya sudah level 40.",Negatif,ok but every gacha i dont get stars anw broo lupa uji equilibrium loncat xianzhou penacony uji level exp ku hilang level level
199,My Arsen,4,07/07/2024 11:59,"gamenya sudah sangat bagus.saran sedikit aja tolong perkecil sizenya dgn menghilangkan konten/fitur2 lama yg jarang player mainkan dan tolong optimasi buat device low-mid range.terutama dgn gpu mediatek g95,g96,g99.terimakasih semoga di notice dan di realisasikan oleh mihoyo",Netral,gamenya bagussaran aja tolong kecil sizenya dgn hilang kontenfitur yg jarang player main tolong optimasi device lowmid rangeterutama dgn gpu mediatek gggterimakasih moga notice realisasi mihoyo
